Address,Coin,# total transactions,# incoming transactions,Total received,Total sent,Balance,Profit($)
0x40949225c4a1745a9946f6aaf763241c082cb9ac,ETH,497,474,497.42,497.41,0.01,83192.67
0x3853ba76ec6ae97818e2d0e0839c9eda6c396690,ETH,149,140,309.13,308.89,0.24,51702.1
0xe2e4b53a1324f5a7368724ea73e532c626517f19,ETH,181,107,62.25,62.25,0,10411.29
0xfa9980a7240ea1beb0b5ce58c0744fcd67f06104,ETH,29,25,57.97,57.97,0,9695.42
0x886af3f44f4cbc38819ace2c82442c1905c0d22c,ETH,4,3,55.78,55.78,0,9328.4
0xff8e6af02d41a576a0c82f7835535193e1a6bccc,ETH,104,43,53.07,53.07,0,8876
0x1363077895b20ae90f80794ce4e575559517d033,ETH,65,62,45.44,45.44,0,7599.94
0x3331f67f5b2544fb0f2d7c90f7b8109d24bf6e7c,ETH,16,6,37.12,37.12,0,6208.32
0xedc0c49946b93aa296a11298480ae7913bb65222,ETH,27,12,36.78,36.78,0,6151.65
0x98c29afea6f69b59ad1790ce2e0effc0bd38433f,ETH,61,60,36.75,36.75,0,6146.8
0x76bb5b6177096b337c79f2f948aa08b0db5f5211,ETH,53,42,36.34,36.34,0,6077.17
0xbb90125091fd7c7953fb98b59f6ce75e2500e5db,ETH,29,15,30.13,30.13,0,5039.07
0x915c95415d3449212fd0991ccf5eb42864118ec9,ETH,37,34,23.29,23.29,0,3894.6
0x5aa31cecf59b98ed7deed6a6fc3e3771c1b11aaa,ETH,19,8,22.31,22.31,0,3731.22
0x11775a106157a283873a81e8ec58394b8d568e06,ETH,18,16,20.7,20.7,0,3462.3
0x23667058d0cd398ff8d25e015c86322644c7783d,ETH,28,21,19.94,19.94,0,3334.97
0xdc48d0f659267418e05915cc0a299cda3f30bddb,ETH,10,9,19.52,19.52,0,3264.39
0x2784574e2405a7d3be1259b5f00412ae652018f4,ETH,13,12,17.79,17.79,0,2975.65
0x59cbd436237318f7cb9c92ddb060b1a023598363,ETH,9,7,17.12,17.12,0,2862.61
0x08389b19ad52f0d983609ab785b3a43a0e90355f,ETH,22,18,17.08,17.08,0,2856.41
0x1abc65765fd0df7d997635ebe3027384bcf7923e,ETH,18,17,16.79,16.79,0,2808.16
0x3e9163816b073c2ce425c99e68ba8ae7caaec067,ETH,25,24,16.67,16.67,0,2787.35
0x920adc9a060cda345fdec2fdebad6ebf38edf83d,ETH,11,9,14.29,14.29,0,2389.93
0x3683ed5a996c11d0eb4d47c9bff077772644ac62,ETH,29,14,13.33,13.33,0,2228.64
0x2f8debdcf62eb537871daede11f790d84ddf35cf,ETH,28,23,12.99,12.99,0,2172.4
0x03b70dc31abf9cf6c1cf80bfeeb322e8d3dbb4ca,ETH,64,24,10.82,10.82,0,1809.69
0xee596e1cb59b0faa005e1bd2bda6d9fba98e43f4,ETH,11,10,10.2,10.2,0,1706.24
0xc8e16a468db0c3590d205df1e80df7b31902b656,ETH,12,12,8.92,8.92,0,1491.5
0x537c2bfba6b1880a6b11d4b4e83d4489f163d520,ETH,5,2,8.7,8.69,0.01,1455.31
0x8c500bd17174e8604ff9ad3399bd13af245eef52,ETH,2,1,8.53,8.53,0,1427.32
0xe7300a38788ee039b20ae36c80dfeeb3a53d3a06,ETH,14,7,6.68,6.68,0,1117.34
0x62ee4a3c690c9660762c52bf1a232365c86c879b,ETH,11,10,6.44,6.44,0,1077.56
0xb131605ad697274a35ea275cbfff9f095723a064,ETH,3,2,6.38,6.38,0,1066.56
0xb93184f8cfd3012e77114c93bf6ef08e9d6779a3,ETH,8,8,5.78,0,5.78,967.41
0xd6f1739af2e63575f2df02af59f23f643eae3403,ETH,10,9,4.86,4.86,0,813.04
0xd88b17314696afcbba531f1bbade53fcf5bc6018,ETH,6,7,4.46,0,4.46,746.09
0x049b01966f721db6ec76097043e9d6eccaf719b6,ETH,24,12,4.16,4.16,0,696.51
0x15b4e32d5026a5a9ad3b68becadceb00b4eb9729,ETH,9,8,3.82,3.82,0,638.24
0xb9a129d98f67c90c5d788a7b5f6ba780760e17cb,ETH,4,4,3.02,3.02,0,505.15
0xbc025972d6dcebe52793a2b19de53cf621cf1edc,ETH,4,3,2.7,2.7,0,450.76
0xf4c996752c0346da4d290553fd58b3fcb6774ed6,ETH,3,3,2.59,0,2.59,433.91
0x4cbae203ebdcb849ad14278f318118ed44835bd9,ETH,5,4,2.54,2.54,0,425.6
0x4c191dca6cecfa1e55caa3cf178eea52728b13e7,ETH,7,6,2.43,2.43,0,405.9
0xdf50c2da0a52f2a3a231ed38fa1b79ad97ab9563,ETH,6,4,2.3,2.3,0,384.72
0xdc92cff564547691c1649d4ee44878979e47bf41,ETH,3,1,2.29,2.29,0,382.67
0x0eb1e76f51517c0c04a6994e41c10b3d81794d04,ETH,7,3,2.28,0.47,1.81,381.31
0xe33086e461749c687c2ddc3ec4eb24ea591c0dc7,ETH,9,4,2.25,2.24,0.01,376.05
0x77b3266cb477daaa2eaacb09d4faaad5c232c253,ETH,12,4,2.16,2.16,0,361.39
0xe159a6d174eb2cead94c4fb93725fbf68a87993d,ETH,3,2,2,2,0,334.5
0x7b904df207858b9a4fcd0d9538ef633bed316287,ETH,3,1,1.99,1.95,0.04,332.48
0x585f148c35a5f50829a29f6ecfaf02d83303c3b5,ETH,2,1,1.96,1.96,0,326.98
0x97b20481241fe3cb9cc9ba50609d377b2506cdaa,ETH,15,4,1.62,1.49,0.13,271.59
0x2189b1eea27f1d19bc2c61d991068ec947d8ec7b,ETH,6,2,1.34,1.32,0.02,223.92
0xfa3572b21b35cfe042ae940d5a74a9706882c6db,ETH,2,1,1.28,1.28,0,213.55
0xa87149fc85936e6807222fb211162d5be440a930,ETH,2,1,1.09,1,0.09,182.3
0x3bff0d893f8f595bc40ad266772b583da492b20f,ETH,3,2,1.02,1.02,0,170.9
0x8f46233dafd44b331753e53b8785b9d83fbba463,ETH,2,1,1.02,1.02,0,170.6
0x760774022517950fc1874b66cc71a83752f2fa89,ETH,2,1,1,1,0,167.25
0x9a88031270e35db9d3254bf66b92f64969d90440,ETH,3,1,1,1,0,167.25
0x56238ccf73f97ad6ed170d1cf8a0f25fab11bc7b,ETH,8,4,0.95,0.95,0,158.48
0x3fc7ca472d19f24f544fcd79bca992019650c1eb,ETH,5,2,0.7,0.7,0,117.85
0x00650a784ee109797ba8c05f3496bdbf2b2b7a1c,ETH,3,1,0.68,0.68,0,113.73
0x27ec5a27e521364699b870e5d8b5245d97cd0031,ETH,2,1,0.55,0.55,0,92.81
0x4491492c21605d923f1ef9e947eeaa74799dbdd6,ETH,2,1,0.5,0.49,0.01,83.63
0x4bc69a335d353dce4de09399b24079aed48f7865,ETH,2,1,0.5,0.5,0,83.63
0xa4c14cc3b9b9d6ecbe11a9c8720326270656dbb7,ETH,9,7,0.37,0.37,0,61.23
0xb3ec0cad78b4ddd0bfda3edfd517dfc185ba8e34,ETH,4,2,0.28,0.28,0,46.91
0xb86fabbb253b69906ab8311de95a9008c738e92e,ETH,2,1,0.22,0.22,0,37.38
0x233ae9c0fb89305756ea856e673a0f80229eb33f,ETH,2,1,0.2,0.2,0,33.45
0x3cac4a9598ed31d5df964b2402131a7bd3605ae3,ETH,1,1,0.2,0,0.2,32.61
0x4d6102bcbe452015a7d656a97de3f30f10054ceb,ETH,4,2,0.14,0.14,0,23.72
0x508d7e3310c49188cf5c7788d3043aad80fe3656,ETH,3,1,0.11,0.11,0,19.22
0xf6f902e60c8825662adc5693746bcccd866e90cb,ETH,3,2,0.1,0.1,0,16.73
0x7c99f9cc14994f4b0d2e8cdcfda4811bbfb69a57,ETH,4,2,0.1,0.1,0,16.04
0xe62adc2a7f08db6230e627bb5faf4f68bc13f88a,ETH,2,1,0.05,0.05,0,8.36
0x25f754ade28ec1ed771ee22efeaed764847181e3,ETH,6,4,0.01,0.01,0,2.05
0x5526dc369bbe6b9b2c5e64bb368c1d3ccfa58271,ETH,2,1,0.01,0.01,0,1.67
0x081a48fcfb87ddc415c31ddae1eb3ba5d5696cdb,ETH,1,1,0.01,0.01,0,0.85
0xa07ddf9ce7dc9c8492a9a307c1bf85cabeb6a8de,ETH,2,1,0,0,0,0.08
0x005b9f4516f8e640bbe48136901738b323c53b00,ETH,0,0,0,0,0,0
0x09430a9fb46a1a3b83980768c4cedf654d8eefa3,ETH,0,0,0,0,0,0
0x13b56f970b8982b1b4a76982876086ecad4756da,ETH,0,0,0,0,0,0
0x20cbe0524157f564a5dca1c18f376e72b4528e64,ETH,0,0,0,0,0,0
0x20e8c236ad726fd694cb0fc38654b44de9f156dd,ETH,0,0,0,0,0,0
0x27c57c58559d6e3752375981c499c05279fb68d2,ETH,0,0,0,0,0,0
0x2b5d022d3396c412a58c7be8897bc8d3e0c823c3,ETH,0,0,0,0,0,0
0x2c05d74cd9f878b9834a50092043bde944a60ef8,ETH,0,0,0,0,0,0
0x44ce1de2379aa6d6d4ad46c3531b9eebb71f7f54,ETH,0,0,0,0,0,0
0x53645080083e0037976455ef903bc88679d1029f,ETH,0,0,0,0,0,0
0x5ed7559181f082ee4b70f3d20c7b2af769a83d18,ETH,0,0,0,0,0,0
0x60931fbd64b2a4418b24c5ef8bc33f93f6fafa4e,ETH,0,0,0,0,0,0
0x6b0a6c142905ce6c1db7276d8878a3e7846675d9,ETH,0,0,0,0,0,0
0x6f431a1b6c368cd3abb7bacdcf0625d6749f1980,ETH,0,0,0,0,0,0
0x77d15104c41def5dad6d5423206bf04621d9d9c1,ETH,0,0,0,0,0,0
0x806466179736c54b62dc6e9f844f02b8d67a49e7,ETH,0,0,0,0,0,0
0x812ee157c915dd8f2fdcaaee453c5b0aee1f27ac,ETH,0,0,0,0,0,0
0x83e8846bb3e2d3167c65d5c41cf2a4cab23e6197,ETH,0,0,0,0,0,0
0x91e5abcc8f5e9a32a3407f71d6d63d28ca10756d,ETH,0,0,0,0,0,0
0x9ac6ee80718c0e3f3ece956cc52d02c6ec8a1dde,ETH,0,0,0,0,0,0
0xa7229e0de15d36a58a79ee61ab93744241ff001b,ETH,0,0,0,0,0,0
0xb5a854f6c86161642fc25b45454ace755231d436,ETH,0,0,0,0,0,0
0xb74cb9e1defde24b499b3ca01300c6f7ba53ede7,ETH,0,0,0,0,0,0
0xc1841fca71e31578f28b7787c12e9f1ae18956c6,ETH,0,0,0,0,0,0
0xc213bb75f99795ff6cae16ff20a056aad1c1408e,ETH,0,0,0,0,0,0
0xcaed34acc1da8ce456a1e217d687bfdcb910b35b,ETH,0,0,0,0,0,0
0xcdba82888e4698c485abacf8c7ad87dc2221f378,ETH,0,0,0,0,0,0
0xcfb10450bb6e7f77b856bf6df74ea56dd92304ad,ETH,0,0,0,0,0,0
0xd362c189cb0056159d2fe22bd8203e26579f620d,ETH,0,0,0,0,0,0
0xd43f2111e4055120196285ec094aa6e96998668b,ETH,0,0,0,0,0,0
0xdcd2fb1c1b103c5a591e76798704cfaa27baf6b9,ETH,0,0,0,0,0,0
0xfb5e36b888bc15528b6bd42fe0b1b2af62693eb9,ETH,0,0,0,0,0,0
1MpLjpT44A5yyRbtGG61rtpgwxdJB3onsB,BTC,53,28,4.93,4.93,0,42537.83
1CdWQJMiQF1uYbwKc7fb5VBb9JBrhykcNf,BTC,16,13,4.43,4.43,0,38232.7
13XzbaQV6k21yfbS5WDkzwSPkAxQ1AsbQ3,BTC,17,14,1.97,1.97,0,16950.98
1EZyRriBqukH476hnuTYkpkyq4HXSeR3Kp,BTC,17,14,1.79,1.79,0,15412.88
1NNF5BfvtZNAciB5J5f434oeN3pijqfwg9,BTC,20,19,1.73,1.73,0,14933.16
3NGgWDD5xrr1Af2FnyCYHhzg5WQmVZEaqG,BTC,1,1,1.62,0,1.62,13938.54
1BdencTWBaDrxpVBK7PPDtb9cot5Ns8D1T,BTC,5,4,1.31,1.31,0,11258.64
1Dtykbcz4dsKzHrddrkxw8FrKKiVu2tTgX,BTC,11,7,0.88,0.88,0,7565.63
bc1q580e7qhrzt7gpfmmcm0etdedacnjdt22eh4s93,BTC,15,12,0.69,0.69,0,5990.24
1JgwF8vNhLVegaEGAsyfUYi6cKkmDTacDG,BTC,2,1,0.69,0.69,0,5951.36
15r1s7ggDSRKQJpCsyvPnSJzCsgcGgJcuy,BTC,4,2,0.69,0.69,0,5949.95
bc1qmjwhdlz2wvdfrpmrgeydkej5eyv9djjqvsp3lz,BTC,25,14,0.54,0.54,0,4668.33
1FZWiRH5zSwsaFY5gUFXVGML6NHsADngRp,BTC,4,3,0.53,0.53,0,4592.9
13mL2oP6y32456qUwVUaMVmFe4nwBQRE2G,BTC,5,4,0.51,0.51,0,4394.52
13tsX2zBiPz3P2nt5HgyFKxXTQFWRqXEuj,BTC,7,6,0.41,0.41,0,3535.83
1PUJDnBL3cu5rCLkCMygvNe5QwXWdpSND5,BTC,7,6,0.36,0.36,0,3128.77
19R9MWW88rZwivGWvvz15Ey9G7mpgJYesB,BTC,4,3,0.33,0.33,0,2819.22
16wd9B1LiXmTNf9hxQyb3Q9fbVHzP3NvSV,BTC,6,5,0.32,0.32,0,2728.17
bc1qerc6yxzre8xrcdfjx4zkgprafde30lr89vpd5s,BTC,19,13,0.31,0.31,0,2707.35
1Mn386ue8o3mW9866octLNP8HFqcYsphJC,BTC,7,6,0.31,0.31,0,2691.17
1NjQ2rSB21Kb3vyUf1A8yGxJV67jxzKNw1,BTC,2,1,0.3,0.3,0,2587.55
1CK9kT35qZHGAb7kuqZeKfKQc3j6Ezt8JZ,BTC,6,3,0.3,0.3,0,2582.36
1PfgLydXR2MAg21hNeUJL5LdxFmDeS26Lo,BTC,4,4,0.27,0,0.27,2357.61
1Adc3NV2kFGRAaC5QeXN9veYxpLB4ZQn8t,BTC,8,6,0.27,0.27,0,2339.21
1HMC6jvM7WSEAM5pQpWotYErJs5k2qAHxN,BTC,8,4,0.25,0.25,0,2155.94
1EWdps7P7o2u616u9a36CK6Jjnbr1A2HUJ,BTC,3,3,0.24,0,0.24,2054.82
1FGZE75bUCHkoEcaoQLRzBuPYB9NA8XRCQ,BTC,7,6,0.24,0.24,0,2048.73
15vWkvkHdDCcRoPpu7x9m31qHPUxEqeCsN,BTC,3,2,0.22,0.22,0,1863.83
1NM4VJ9deWtjLq8zPKVop5rwCHjLdynTnY,BTC,6,5,0.21,0.21,0,1769.74
16xwVY9mChAawi9TrpunpstPeyoGJ2k3kC,BTC,5,3,0.2,0.2,0,1742.72
1DT83v9X1mwJNq55nPAX31VTnZ4ffmFAUo,BTC,4,2,0.2,0.2,0,1720.72
1KeZSSoFnJjivDzwDAjQ2VF51vPCsMGAko,BTC,3,2,0.17,0.17,0,1444.23
1MghhGjVABo5NrBjXMmyYsydsuvLVVRG35,BTC,2,1,0.16,0.16,0,1418.93
14LV7cwwuizL3xVm6CxBomFvCa55QKZ8WS,BTC,5,3,0.13,0.13,0,1136.62
1NuZ4rxsQPU4izgtkScs793Uxx2c6ADRQo,BTC,3,2,0.11,0.11,0,983.27
12z4fAETZTXehv8Y2v3GcD7jjdgG38Ppor,BTC,4,2,0.11,0.11,0,914.19
15FFKTWv6gmT7Wkvsbw1oEUBAxpekcHCdb,BTC,3,2,0.1,0.1,0,901.33
3Bx287cHkqzt1uGmw71v4GuEsqHvBpANgY,BTC,2,1,0.1,0.1,0,898.69
1B8Ey4WNHgGNGJtmbGTUThykTQHQDvjTKk,BTC,9,5,0.1,0.1,0,891.5
15a8CJS6j9tR749SviyBFyd8xG8q24Hoxe,BTC,5,3,0.1,0.1,0,881.8
13HHJA5DWjghMTSbEoHEQtf9vEU24nHVsR,BTC,3,2,0.1,0.1,0,871.14
12u54UVjvwVmzxNBBjTHtC6dgsVeZdr6RR,BTC,4,2,0.1,0.1,0,864.37
1Lkakee2QGSQ92uNBUCUD1LaL4RKQTobLG,BTC,3,2,0.1,0.1,0,864.22
12MkxkxyCuzQcHc74NUw9rDjFoiPkFnHzz,BTC,5,3,0.1,0.1,0,862.57
1MHQsN8wDaCxi1atoM1qQMg6SqS9aJGGmR,BTC,2,1,0.1,0.1,0,862.52
1CHJmV6AJ8qZhMjB2K6kmGv9tSnfWyq37E,BTC,5,3,0.05,0.05,0,466.49
19eZWBuzy1PDnjUh7BPd5ijpXTXnL2VEPC,BTC,2,1,0.05,0.05,0,431.26
1QAhk976LEnwMyMNbbqaWtkWmiEQDBFVDJ,BTC,2,1,0.05,0.05,0,431.26
15ve8wAoinFEaq9tUzgPCU79v5qb9JmgX4,BTC,2,1,0.03,0.03,0,219.86
1E8J5U1vBSiTK8KsKbTHbouLqzqkgnnL3g,BTC,2,1,0.01,0.01,0,86.25
15vTQrRKX4bVztcjg8i7xmPuS6pmj9DPFd,BTC,2,1,0.01,0.01,0,58.72
1MwYGftVPT5zKAg7mfXQmGFjMZHHxBqmYH,BTC,3,2,0,0,0,35.13
1A72oXVqv2t3mzir26tFNrtCXZ8MyvzaDa,BTC,1,1,0,0,0,0.86
13meEx92158wdczweN8yxZ8jbYKCwr146D,BTC,0,0,0,0,0,0
17HD8n2Pm1a17QKuJZxjeLDih51xYHHxqq,BTC,0,0,0,0,0,0
19tBJTK4YowE87rxCLS626NdoR3B28mEKx,BTC,0,0,0,0,0,0
1D8t6aVhADka9aDfDnxBwzCRCywMb3YBhz,BTC,0,0,0,0,0,0
1JSeDGPmq74JP2RQXqJFdHH3L2jcie3w4X,BTC,0,0,0,0,0,0
1M2KACJTaautJ6BM3a563LraYNmD6LjcdU,BTC,0,0,0,0,0,0
1NDewuhwPYoGiv8zyG2wCh5aQKeWfStVhK,BTC,0,0,0,0,0,0
3ENbaDnoy6GF25ttwwwncwvvuAX1ifsmCp,BTC,0,0,0,0,0,0
3HzQJ3CGQKkWuxGSiWW286PePSed7tgKWp,BTC,0,0,0,0,0,0
3Jhqy7b9gYo3i1HLZT4HFMcCf74CFoE7UP,BTC,0,0,0,0,0,0
3McSsVLb4Sc8mmw9PCT4wS22Jiuqqv2y1v,BTC,0,0,0,0,0,0
3NvgY7KqUbxAX1qjf2StYrUijLynbrBgBZ,BTC,0,0,0,0,0,0
bc1qw9cz3095dxnt5hkfdyltueen9g7j5w5u6c0zq9,BTC,0,0,0,0,0,0
ATVMaR3SXKRBtwCNgPjV5k2YzEgzMDYeaf,GAS,5,4,6.26,6.26,0,7.13
ATVMaR3SXKRBtwCNgPjV5k2YzEgzMDYeaf,NEO,15,11,119,119,0,1335.18
ATVMaR3SXKRBtwCNgPjV5k2YzEgzMDYeaf,SEAS,1,1,1,0,1,0
TPcDNYz4AxCaLCY2Xx4i95jGYwCjUrxg5r,TRX,13,9,"30,284.55","30,284.25",0.1,524.16
rGD1q9qfHd9gYbm9VUdcBXjumAaMZen8tr,XRP,17,11,"3,145.11","3,125.11",20,745.91
rnFBiAHT8yZ5PL6QbvzUr5dM7Kq6G9gPGo,XRP,7,5,"1,085.49","1,065.49",20,257.44
bnb18htn90crd0cjyzauagcx05grcg3wx70yphvqep,BNB,14,13,317.43,317.43,0,5754.92