Unix,Date,Symbol,Open,High,Low,Close,Volume ALPACA,Volume BUSD,tradecount
1.69024E+12,7/25/2023,ALPACABUSD,0.1398,0.1514,0.1372,0.1461,508977,73107.37698,574
1.69016E+12,7/24/2023,ALPACABUSD,0.1518,0.1528,0.1377,0.1397,217921.8,31069.39011,551
1.69007E+12,7/23/2023,ALPACABUSD,0.1459,0.1537,0.1455,0.1516,191751.6,28759.88604,441
1.68998E+12,7/22/2023,ALPACABUSD,0.1486,0.1491,0.1451,0.1456,85937.9,12659.99598,181
1.6899E+12,7/21/2023,ALPACABUSD,0.1496,0.1507,0.1472,0.1484,92282.1,13742.03729,200
1.68981E+12,7/20/2023,ALPACABUSD,0.1503,0.1527,0.1476,0.1492,228979.7,34384.45213,654
1.68972E+12,7/19/2023,ALPACABUSD,0.1476,0.153,0.147,0.1504,120839.5,18034.34983,299
1.68964E+12,7/18/2023,ALPACABUSD,0.1517,0.1518,0.146,0.147,77432,11494.80127,221
1.68955E+12,7/17/2023,ALPACABUSD,0.1534,0.1556,0.1474,0.1512,281281.2,42685.48255,701
1.68947E+12,7/16/2023,ALPACABUSD,0.1591,0.1591,0.1534,0.1534,123869.2,19323.72409,306
1.68938E+12,7/15/2023,ALPACABUSD,0.1535,0.1597,0.1531,0.1591,434083.3,68114.39693,611
1.68929E+12,7/14/2023,ALPACABUSD,0.1587,0.1609,0.1492,0.1525,174112.9,27222.27783,647
1.68921E+12,7/13/2023,ALPACABUSD,0.1526,0.1591,0.1512,0.1586,145434.1,22618.1419,382
1.68912E+12,7/12/2023,ALPACABUSD,0.1534,0.1542,0.1501,0.1528,130754,19928.69199,240
1.68903E+12,7/11/2023,ALPACABUSD,0.1528,0.1706,0.1513,0.1531,1096928.6,173869.8116,1586
1.68895E+12,7/10/2023,ALPACABUSD,0.1539,0.156,0.1496,0.1526,283047.6,43158.88407,418
1.68886E+12,7/9/2023,ALPACABUSD,0.1557,0.1698,0.1543,0.1545,1018660.8,165104.2083,1781
1.68877E+12,7/8/2023,ALPACABUSD,0.1498,0.1615,0.1492,0.1552,345951.9,53710.44171,844
1.68869E+12,7/7/2023,ALPACABUSD,0.1495,0.1517,0.1483,0.1497,63842,9597.81312,154
1.6886E+12,7/6/2023,ALPACABUSD,0.1534,0.1582,0.1491,0.1507,220824.7,34015.56166,557
1.68852E+12,7/5/2023,ALPACABUSD,0.1572,0.1592,0.1505,0.1536,266446.3,41087.99144,690
1.68843E+12,7/4/2023,ALPACABUSD,0.1542,0.1648,0.153,0.1568,490223,78042.32197,921
1.68834E+12,7/3/2023,ALPACABUSD,0.1479,0.1575,0.1474,0.1545,197658.2,29998.1147,662
1.68826E+12,7/2/2023,ALPACABUSD,0.1491,0.1491,0.1443,0.1477,229916.1,33757.57575,469
1.68817E+12,7/1/2023,ALPACABUSD,0.1491,0.1503,0.1474,0.1492,109129.7,16233.91414,338
1.68808E+12,6/30/2023,ALPACABUSD,0.1473,0.1533,0.141,0.1488,193595.1,29048.98289,672
1.688E+12,6/29/2023,ALPACABUSD,0.1473,0.1502,0.1471,0.1474,125603.6,18628.71515,382
1.68791E+12,6/28/2023,ALPACABUSD,0.1538,0.1539,0.1449,0.1473,58795,8806.57298,218
1.68782E+12,6/27/2023,ALPACABUSD,0.1511,0.156,0.1507,0.1541,56466.4,8664.7156,205
1.68774E+12,6/26/2023,ALPACABUSD,0.1535,0.1537,0.1491,0.1507,82857.7,12571.26962,256
1.68765E+12,6/25/2023,ALPACABUSD,0.1531,0.1596,0.1443,0.1539,266614.4,41359.09171,537
1.68756E+12,6/24/2023,ALPACABUSD,0.1566,0.1568,0.1496,0.1526,118992.7,18220.23031,339
1.68748E+12,6/23/2023,ALPACABUSD,0.1487,0.1577,0.1478,0.1564,243329,37077.66907,577
1.68739E+12,6/22/2023,ALPACABUSD,0.1503,0.1544,0.1483,0.1484,146898.4,22241.97161,372
1.68731E+12,6/21/2023,ALPACABUSD,0.146,0.152,0.146,0.1502,167390.3,24962.69946,413
1.68722E+12,6/20/2023,ALPACABUSD,0.1447,0.1479,0.1398,0.146,355540.5,51482.80504,548
1.68713E+12,6/19/2023,ALPACABUSD,0.1387,0.1459,0.1372,0.1451,209361.8,29361.46886,483
1.68705E+12,6/18/2023,ALPACABUSD,0.1417,0.1426,0.139,0.1391,63705.9,9015.45491,162
1.68696E+12,6/17/2023,ALPACABUSD,0.142,0.1453,0.1416,0.1418,77758.5,11176.81556,184
1.68687E+12,6/16/2023,ALPACABUSD,0.1416,0.1437,0.1394,0.1425,59281.7,8376.74494,179
1.68679E+12,6/15/2023,ALPACABUSD,0.1429,0.1438,0.1389,0.1424,125736,17682.13011,279
1.6867E+12,6/14/2023,ALPACABUSD,0.1445,0.151,0.1423,0.143,126265.6,18617.92987,380
1.68661E+12,6/13/2023,ALPACABUSD,0.144,0.1461,0.1418,0.144,121582.8,17491.23771,306
1.68653E+12,6/12/2023,ALPACABUSD,0.1442,0.1449,0.1413,0.1439,68870.7,9849.77414,228
1.68644E+12,6/11/2023,ALPACABUSD,0.1467,0.1481,0.1447,0.1449,86170.4,12636.44095,258
1.68636E+12,6/10/2023,ALPACABUSD,0.1692,0.1692,0.1429,0.1469,327150.4,49362.0747,1018
1.68627E+12,6/9/2023,ALPACABUSD,0.1727,0.1734,0.1698,0.17,59408.9,10207.03004,140
1.68618E+12,6/8/2023,ALPACABUSD,0.1661,0.1756,0.1634,0.1722,161093.2,27820.57606,344
1.6861E+12,6/7/2023,ALPACABUSD,0.1829,0.1834,0.163,0.1661,252085.3,42629.6604,564
1.68601E+12,6/6/2023,ALPACABUSD,0.1801,0.1853,0.1762,0.1835,92659.9,16702.34076,357
1.68592E+12,6/5/2023,ALPACABUSD,0.1974,0.1974,0.1779,0.1801,181886.2,33708.0981,583
1.68584E+12,6/4/2023,ALPACABUSD,0.1993,0.2084,0.1974,0.1974,241026.4,48843.36223,717
1.68575E+12,6/3/2023,ALPACABUSD,0.1964,0.2034,0.1952,0.1994,176810.6,35174.56261,609
1.68566E+12,6/2/2023,ALPACABUSD,0.1944,0.197,0.1923,0.1964,104649.3,20447.77949,359
1.68558E+12,6/1/2023,ALPACABUSD,0.1952,0.1952,0.1913,0.1942,106544.3,20564.20331,289
1.68549E+12,5/31/2023,ALPACABUSD,0.1995,0.2001,0.1924,0.1952,90509.1,17710.28381,238
1.6854E+12,5/30/2023,ALPACABUSD,0.2009,0.2018,0.1987,0.1994,69678.2,13920.33783,172
1.68532E+12,5/29/2023,ALPACABUSD,0.2047,0.2062,0.2005,0.2013,55112.5,11302.36983,153
1.68523E+12,5/28/2023,ALPACABUSD,0.2001,0.206,0.2,0.2057,50350.3,10155.63016,157
1.68515E+12,5/27/2023,ALPACABUSD,0.1988,0.2012,0.1988,0.1997,51816.9,10364.01513,135
1.68506E+12,5/26/2023,ALPACABUSD,0.1978,0.2006,0.1961,0.1991,45663.2,9040.03769,155
1.68497E+12,5/25/2023,ALPACABUSD,0.1995,0.1998,0.1968,0.1976,80458.6,15949.53575,208
1.68489E+12,5/24/2023,ALPACABUSD,0.2083,0.2083,0.1985,0.1999,43407.2,8764.64369,200
1.6848E+12,5/23/2023,ALPACABUSD,0.2104,0.2126,0.2059,0.2083,120833.5,25227.48295,265
1.68471E+12,5/22/2023,ALPACABUSD,0.2114,0.2121,0.2091,0.2105,54543.2,11515.22121,163
1.68463E+12,5/21/2023,ALPACABUSD,0.217,0.2182,0.2107,0.2111,122960.5,26449.10517,359
1.68454E+12,5/20/2023,ALPACABUSD,0.209,0.2232,0.2088,0.2168,820534.4,178464.1541,1586
1.68445E+12,5/19/2023,ALPACABUSD,0.209,0.2102,0.2084,0.2092,44490.7,9317.42813,130
1.68437E+12,5/18/2023,ALPACABUSD,0.2118,0.2125,0.206,0.209,40923,8587.19905,160
1.68428E+12,5/17/2023,ALPACABUSD,0.2117,0.2132,0.2073,0.2125,57117.4,12053.95595,224
1.6842E+12,5/16/2023,ALPACABUSD,0.2097,0.216,0.2078,0.2121,58737.2,12453.98688,193
1.68411E+12,5/15/2023,ALPACABUSD,0.2102,0.2117,0.2084,0.2095,37650.8,7916.2405,110
1.68402E+12,5/14/2023,ALPACABUSD,0.2048,0.2161,0.2036,0.2102,331919.1,70355.86574,777
1.68394E+12,5/13/2023,ALPACABUSD,0.2086,0.2088,0.2044,0.205,47019.4,9685.98386,173
1.68385E+12,5/12/2023,ALPACABUSD,0.2044,0.2143,0.1976,0.2084,259326.6,53626.0913,834
1.68376E+12,5/11/2023,ALPACABUSD,0.2209,0.2209,0.1954,0.2044,352859.9,72121.14234,1137
1.68368E+12,5/10/2023,ALPACABUSD,0.2148,0.2236,0.212,0.2212,190884.6,41539.24795,493
1.68359E+12,5/9/2023,ALPACABUSD,0.2118,0.2172,0.2118,0.2148,47326.4,10155.93264,179
1.6835E+12,5/8/2023,ALPACABUSD,0.2346,0.2355,0.2102,0.2118,142938.8,31566.13238,561
1.68342E+12,5/7/2023,ALPACABUSD,0.2313,0.2402,0.2306,0.2355,368625.8,87223.29835,865
1.68333E+12,5/6/2023,ALPACABUSD,0.2393,0.2403,0.2299,0.2309,68583.5,16004.11606,269
1.68324E+12,5/5/2023,ALPACABUSD,0.245,0.2451,0.2384,0.2401,133526.8,32350.93799,435
1.68316E+12,5/4/2023,ALPACABUSD,0.2492,0.2493,0.2446,0.2448,29335.8,7233.40667,127
1.68307E+12,5/3/2023,ALPACABUSD,0.2545,0.2573,0.2362,0.2492,313112.5,77434.71651,861
1.68299E+12,5/2/2023,ALPACABUSD,0.2514,0.2551,0.2499,0.2551,38848.7,9792.68185,167
1.6829E+12,5/1/2023,ALPACABUSD,0.2593,0.263,0.2491,0.2518,109215.3,27954.72503,400
1.68281E+12,4/30/2023,ALPACABUSD,0.2708,0.2708,0.2591,0.2591,150735.3,39988.21897,442
1.68273E+12,4/29/2023,ALPACABUSD,0.2656,0.276,0.2653,0.2706,297419.7,81227.90049,633
1.68264E+12,4/28/2023,ALPACABUSD,0.2674,0.2683,0.2644,0.2657,48527.7,12937.29664,192
1.68255E+12,4/27/2023,ALPACABUSD,0.2662,0.2723,0.2649,0.2673,272389.3,72934.26403,821
1.68247E+12,4/26/2023,ALPACABUSD,0.2585,0.2775,0.2558,0.2664,592162.1,159257.6594,1600
1.68238E+12,4/25/2023,ALPACABUSD,0.2542,0.2609,0.2516,0.2585,165475.3,42398.59668,409
1.68229E+12,4/24/2023,ALPACABUSD,0.2565,0.2593,0.2497,0.2533,97324.9,24642.20932,301
1.68221E+12,4/23/2023,ALPACABUSD,0.2665,0.2665,0.252,0.2578,156389.9,40567.45504,521
1.68212E+12,4/22/2023,ALPACABUSD,0.2635,0.2668,0.2599,0.2668,84076,22050.97651,280
1.68204E+12,4/21/2023,ALPACABUSD,0.2694,0.2796,0.261,0.2624,227929.8,61618.8104,890
1.68195E+12,4/20/2023,ALPACABUSD,0.2801,0.2821,0.2658,0.2689,211966.6,58288.88961,797
1.68186E+12,4/19/2023,ALPACABUSD,0.2914,0.2952,0.2769,0.2797,322870.5,91765.62651,1132
1.68178E+12,4/18/2023,ALPACABUSD,0.2891,0.2964,0.2884,0.2914,211221.6,61690.77242,726
1.68169E+12,4/17/2023,ALPACABUSD,0.2917,0.294,0.2862,0.2884,379858.5,110071.3101,1108
1.6816E+12,4/16/2023,ALPACABUSD,0.2918,0.2943,0.2901,0.2917,409061.5,119458.8957,918
1.68152E+12,4/15/2023,ALPACABUSD,0.2963,0.2963,0.288,0.2923,512113.6,149462.2315,1503
1.68143E+12,4/14/2023,ALPACABUSD,0.299,0.3042,0.2949,0.2963,425449,127852.9299,1319
1.68134E+12,4/13/2023,ALPACABUSD,0.3017,0.31,0.2978,0.299,891518.1,268980.4983,1813
1.68126E+12,4/12/2023,ALPACABUSD,0.3161,0.3319,0.2976,0.3012,3007012.8,942255.6194,8394
1.68117E+12,4/11/2023,ALPACABUSD,0.2968,0.3374,0.29,0.3169,3921519.6,1237683.321,10552
1.68108E+12,4/10/2023,ALPACABUSD,0.3013,0.3025,0.293,0.2967,180332.3,53469.75824,423
1.681E+12,4/9/2023,ALPACABUSD,0.2963,0.3058,0.2904,0.301,391549.6,116627.14,1292
1.68091E+12,4/8/2023,ALPACABUSD,0.2896,0.2973,0.2896,0.2963,124176.2,36503.25373,337
1.68083E+12,4/7/2023,ALPACABUSD,0.293,0.293,0.2851,0.2899,126626.6,36611.71115,341
1.68074E+12,4/6/2023,ALPACABUSD,0.295,0.2986,0.2906,0.2936,220229.4,65027.63289,646
1.68065E+12,4/5/2023,ALPACABUSD,0.2921,0.3009,0.2914,0.295,107416.9,31823.23892,519
1.68057E+12,4/4/2023,ALPACABUSD,0.2911,0.2935,0.2879,0.2922,78455.7,22817.29037,298
1.68048E+12,4/3/2023,ALPACABUSD,0.2901,0.2914,0.282,0.2905,141931.5,40801.83897,486
1.68039E+12,4/2/2023,ALPACABUSD,0.2947,0.2949,0.2888,0.2894,137230.5,40062.55532,434
1.68031E+12,4/1/2023,ALPACABUSD,0.2976,0.299,0.2908,0.2944,109263.4,32148.86742,390
1.68022E+12,3/31/2023,ALPACABUSD,0.2939,0.2978,0.2891,0.297,135895.1,39879.78405,366
1.68013E+12,3/30/2023,ALPACABUSD,0.3056,0.3073,0.2923,0.2942,375521.2,112949.7084,753
1.68005E+12,3/29/2023,ALPACABUSD,0.3039,0.3103,0.3017,0.3057,197606.6,60365.4352,529
1.67996E+12,3/28/2023,ALPACABUSD,0.294,0.3039,0.2916,0.3039,147228.7,43485.65992,520
1.67988E+12,3/27/2023,ALPACABUSD,0.3035,0.3092,0.2924,0.2939,414193.6,124509.9919,1109
1.67979E+12,3/26/2023,ALPACABUSD,0.2985,0.3096,0.2985,0.3054,82159.4,25115.32971,283
1.6797E+12,3/25/2023,ALPACABUSD,0.3046,0.3068,0.2984,0.2988,52468.9,15906.66363,224
1.67962E+12,3/24/2023,ALPACABUSD,0.3166,0.3166,0.3022,0.3044,111059.7,34473.98942,306
1.67953E+12,3/23/2023,ALPACABUSD,0.3055,0.3176,0.3036,0.316,302625.3,94284.1378,806
1.67944E+12,3/22/2023,ALPACABUSD,0.3147,0.3147,0.3018,0.306,376830.2,115195.3628,826
1.67936E+12,3/21/2023,ALPACABUSD,0.2983,0.3198,0.2981,0.314,668685,207943.885,1525
1.67927E+12,3/20/2023,ALPACABUSD,0.3147,0.3171,0.2978,0.2978,292305.9,89755.01882,1037
1.67918E+12,3/19/2023,ALPACABUSD,0.308,0.3245,0.308,0.3158,688464.8,218182.293,2291
1.6791E+12,3/18/2023,ALPACABUSD,0.3096,0.3134,0.302,0.3081,379689.4,116863.5875,919
1.67901E+12,3/17/2023,ALPACABUSD,0.2914,0.3116,0.2907,0.3093,300557.8,90327.98369,886
1.67892E+12,3/16/2023,ALPACABUSD,0.2903,0.2953,0.2876,0.2923,232153.5,67652.19214,681
1.67884E+12,3/15/2023,ALPACABUSD,0.3083,0.3139,0.2875,0.2911,398415.5,120209.0274,1265
1.67875E+12,3/14/2023,ALPACABUSD,0.3118,0.3215,0.3021,0.3088,686826.1,214394.6446,2184
1.67867E+12,3/13/2023,ALPACABUSD,0.2993,0.3166,0.2884,0.3118,695814.2,211248.6084,2524
1.67858E+12,3/12/2023,ALPACABUSD,0.2824,0.2997,0.2772,0.2994,428077.3,122197.629,1005
1.67849E+12,3/11/2023,ALPACABUSD,0.286,0.2933,0.2751,0.2821,276803.3,78228.22015,828
1.67841E+12,3/10/2023,ALPACABUSD,0.2938,0.2952,0.2753,0.2863,810474.2,231487.5181,2429
1.67832E+12,3/9/2023,ALPACABUSD,0.3161,0.3275,0.2922,0.2939,1290861.8,399084.486,3102
1.67823E+12,3/8/2023,ALPACABUSD,0.3197,0.353,0.3128,0.3161,6552597.7,2191936.44,18169
1.67815E+12,3/7/2023,ALPACABUSD,0.2963,0.3466,0.2925,0.319,11135273.1,3661459.464,25697
1.67806E+12,3/6/2023,ALPACABUSD,0.2901,0.2999,0.2881,0.2965,150789,44212.5206,641
1.67797E+12,3/5/2023,ALPACABUSD,0.2882,0.2945,0.2871,0.2922,126520.7,36843.94237,402
1.67789E+12,3/4/2023,ALPACABUSD,0.2963,0.2963,0.285,0.2887,186973.5,54411.56178,575
1.6778E+12,3/3/2023,ALPACABUSD,0.3058,0.3115,0.292,0.2967,1304536.1,393664.646,3490
1.67772E+12,3/2/2023,ALPACABUSD,0.3194,0.32,0.3005,0.3065,390450.6,120243.3681,994
1.67763E+12,3/1/2023,ALPACABUSD,0.3069,0.3239,0.305,0.3195,317009.3,99824.46746,925
1.67754E+12,2/28/2023,ALPACABUSD,0.3215,0.325,0.3056,0.3067,453481.8,141864.0247,1417
1.67746E+12,2/27/2023,ALPACABUSD,0.328,0.3381,0.3138,0.3211,1199003.9,392253.4393,3346
1.67737E+12,2/26/2023,ALPACABUSD,0.3087,0.3327,0.3069,0.328,629007.7,203063.9903,1759
1.67728E+12,2/25/2023,ALPACABUSD,0.3166,0.3201,0.3052,0.3102,225076.8,70356.79225,856
1.6772E+12,2/24/2023,ALPACABUSD,0.3222,0.3286,0.3111,0.3166,500367.9,160731.2009,1457
1.67711E+12,2/23/2023,ALPACABUSD,0.3155,0.3311,0.3155,0.3217,433439.7,140235.5108,1586
1.67702E+12,2/22/2023,ALPACABUSD,0.3212,0.3227,0.3003,0.3144,617232.4,191313.1397,2004
1.67694E+12,2/21/2023,ALPACABUSD,0.3333,0.3382,0.3152,0.3212,537510.3,175152.1888,1835
1.67685E+12,2/20/2023,ALPACABUSD,0.3009,0.3432,0.2978,0.3337,2509460.3,816760.6166,7227
1.67676E+12,2/19/2023,ALPACABUSD,0.2978,0.3097,0.2916,0.3012,596819.3,179275.0201,1825
1.67668E+12,2/18/2023,ALPACABUSD,0.3039,0.307,0.296,0.2991,379910.3,114366.3475,871
1.67659E+12,2/17/2023,ALPACABUSD,0.2888,0.3073,0.2863,0.3028,781799.3,235032.0197,2226
1.67651E+12,2/16/2023,ALPACABUSD,0.2899,0.3154,0.2863,0.2885,2745070.7,830050.5075,6739
1.67642E+12,2/15/2023,ALPACABUSD,0.2781,0.2928,0.274,0.2895,445804.5,126346.0207,1458
1.67633E+12,2/14/2023,ALPACABUSD,0.2673,0.28,0.2645,0.2774,392000.1,106542.3712,994
1.67625E+12,2/13/2023,ALPACABUSD,0.2787,0.2802,0.2614,0.2674,642172.9,172188.2703,2278
1.67616E+12,2/12/2023,ALPACABUSD,0.2837,0.2872,0.2759,0.2787,551968.9,154480.8064,1334
1.67607E+12,2/11/2023,ALPACABUSD,0.2761,0.2857,0.2753,0.2836,285229.8,80409.02542,935
1.67599E+12,2/10/2023,ALPACABUSD,0.2753,0.2811,0.2719,0.2761,355304.8,98511.01258,1258
1.6759E+12,2/9/2023,ALPACABUSD,0.2965,0.2972,0.2737,0.2756,780947.2,222680.4071,2735
1.67581E+12,2/8/2023,ALPACABUSD,0.2956,0.2973,0.2865,0.2964,341036.9,99989.89773,1238
1.67573E+12,2/7/2023,ALPACABUSD,0.2833,0.3025,0.282,0.2957,1370207.8,403139.6351,4328
1.67564E+12,2/6/2023,ALPACABUSD,0.2803,0.2893,0.2767,0.2833,487658.4,138244.2959,1511
1.67556E+12,2/5/2023,ALPACABUSD,0.292,0.298,0.2751,0.2804,746831.4,213079.0856,2152
1.67547E+12,2/4/2023,ALPACABUSD,0.2877,0.298,0.2832,0.292,751561.6,219445.9582,1714
1.67538E+12,2/3/2023,ALPACABUSD,0.2865,0.2905,0.2809,0.2876,435709.9,124671.0449,1560
1.6753E+12,2/2/2023,ALPACABUSD,0.2935,0.3001,0.2856,0.286,737958.9,217512.1143,2289
1.67521E+12,2/1/2023,ALPACABUSD,0.2886,0.2952,0.2774,0.2933,537162.7,154195.8211,1896
1.67512E+12,1/31/2023,ALPACABUSD,0.272,0.2974,0.2705,0.2887,1328177.6,378920.2848,3919
1.67504E+12,1/30/2023,ALPACABUSD,0.2905,0.2933,0.2662,0.2724,548685.2,152595.9361,1703
1.67495E+12,1/29/2023,ALPACABUSD,0.2801,0.2923,0.2794,0.2903,434626.2,124160.753,1234
1.67486E+12,1/28/2023,ALPACABUSD,0.2855,0.2891,0.2781,0.2801,307861.8,87195.46152,996
1.67478E+12,1/27/2023,ALPACABUSD,0.2786,0.2881,0.2718,0.2855,654573.9,184144.448,1789
1.67469E+12,1/26/2023,ALPACABUSD,0.2778,0.2826,0.2749,0.279,307473.8,85348.97848,960
1.6746E+12,1/25/2023,ALPACABUSD,0.2722,0.2822,0.2689,0.2773,504344.4,138808.8835,1704
1.67452E+12,1/24/2023,ALPACABUSD,0.2708,0.285,0.2708,0.2725,1217987.2,340495.3074,3575
1.67443E+12,1/23/2023,ALPACABUSD,0.2657,0.2734,0.2634,0.2716,435308,116577.7043,1475
1.67435E+12,1/22/2023,ALPACABUSD,0.2688,0.2759,0.2605,0.2657,505845.2,136338.9943,1823
1.67426E+12,1/21/2023,ALPACABUSD,0.27,0.2733,0.2663,0.2684,348120.3,93942.07917,1303
1.67417E+12,1/20/2023,ALPACABUSD,0.2578,0.27,0.2534,0.27,373831.9,97608.59381,1329
1.67409E+12,1/19/2023,ALPACABUSD,0.255,0.2597,0.2402,0.2576,1472203.8,370947.2509,3361
1.674E+12,1/18/2023,ALPACABUSD,0.2698,0.3188,0.2503,0.2542,7512097.3,2126138.727,17010
1.67391E+12,1/17/2023,ALPACABUSD,0.2731,0.2767,0.2694,0.2694,257725.8,70290.22502,1045
1.67383E+12,1/16/2023,ALPACABUSD,0.2674,0.2749,0.265,0.2731,544840.3,146824.005,1583
1.67374E+12,1/15/2023,ALPACABUSD,0.271,0.2739,0.264,0.2674,539757.4,145233.4992,1869
1.67365E+12,1/14/2023,ALPACABUSD,0.267,0.281,0.2616,0.2709,928167.3,251790.2927,3027
1.67357E+12,1/13/2023,ALPACABUSD,0.2636,0.2677,0.2606,0.267,256453.8,67862.55388,712
1.67348E+12,1/12/2023,ALPACABUSD,0.2614,0.2656,0.2569,0.2632,177809.5,46573.25488,784
1.6734E+12,1/11/2023,ALPACABUSD,0.2592,0.2613,0.2545,0.2611,194765.6,50087.7022,549
1.67331E+12,1/10/2023,ALPACABUSD,0.2563,0.2615,0.2545,0.2583,248858.2,63987.86468,652
1.67322E+12,1/9/2023,ALPACABUSD,0.2547,0.2624,0.254,0.2563,493645.6,127578.0803,1119
1.67314E+12,1/8/2023,ALPACABUSD,0.2486,0.2547,0.2482,0.2547,197192.2,49250.56025,527
1.67305E+12,1/7/2023,ALPACABUSD,0.2502,0.2507,0.2483,0.2486,142462,35520.43942,243
1.67296E+12,1/6/2023,ALPACABUSD,0.2519,0.2519,0.2458,0.2496,84295.4,21017.32532,319
1.67288E+12,1/5/2023,ALPACABUSD,0.2524,0.2534,0.2499,0.2519,69964.5,17591.3361,199
1.67279E+12,1/4/2023,ALPACABUSD,0.2473,0.2539,0.2467,0.252,162510.9,40747.5857,517
1.6727E+12,1/3/2023,ALPACABUSD,0.2479,0.2505,0.2439,0.2474,139764.6,34605.67274,432
1.67262E+12,1/2/2023,ALPACABUSD,0.2443,0.2488,0.2419,0.2472,171880.3,42104.38244,287
1.67253E+12,1/1/2023,ALPACABUSD,0.2443,0.2448,0.2417,0.2438,68735.2,16718.74853,227
1.67244E+12,12/31/2022,ALPACABUSD,0.2425,0.2498,0.2414,0.2443,303126.4,74264.37184,358
1.67236E+12,12/30/2022,ALPACABUSD,0.2445,0.2445,0.2418,0.2422,55077.6,13367.95381,155
1.67227E+12,12/29/2022,ALPACABUSD,0.248,0.248,0.2427,0.2445,263760,64801.31191,408
1.67219E+12,12/28/2022,ALPACABUSD,0.2504,0.2516,0.2434,0.248,355936.9,88178.51455,838
1.6721E+12,12/27/2022,ALPACABUSD,0.2527,0.2552,0.2473,0.2504,396373.4,99639.49668,555
1.67201E+12,12/26/2022,ALPACABUSD,0.2535,0.2597,0.2508,0.2524,393518.3,100520.4526,1157
1.67193E+12,12/25/2022,ALPACABUSD,0.2508,0.2568,0.2505,0.2537,158821.9,40258.1915,588
1.67184E+12,12/24/2022,ALPACABUSD,0.2506,0.2529,0.2501,0.2506,132768.9,33338.27251,311
1.67175E+12,12/23/2022,ALPACABUSD,0.2531,0.2539,0.2499,0.2506,104370.9,26269.06466,251
1.67167E+12,12/22/2022,ALPACABUSD,0.2572,0.2648,0.2499,0.2531,626109.1,161376.8998,773
1.67158E+12,12/21/2022,ALPACABUSD,0.2576,0.2601,0.2519,0.2569,180571.6,46218.25566,601
1.67149E+12,12/20/2022,ALPACABUSD,0.2507,0.261,0.2506,0.2575,139684.6,35851.26997,607
1.67141E+12,12/19/2022,ALPACABUSD,0.2522,0.2617,0.2459,0.2505,989662.3,252574.856,2526
1.67132E+12,12/18/2022,ALPACABUSD,0.2527,0.2692,0.2503,0.2522,2082597.3,544438.82,4530
1.67124E+12,12/17/2022,ALPACABUSD,0.2425,0.275,0.2405,0.2527,8043423.2,2068982.606,18923
1.67115E+12,12/16/2022,ALPACABUSD,0.2468,0.2694,0.24,0.2425,2562537,652874.9008,6985
1.67106E+12,12/15/2022,ALPACABUSD,0.2554,0.2731,0.2466,0.247,2698483,705702.6628,5714
1.67098E+12,12/14/2022,ALPACABUSD,0.2557,0.2575,0.2526,0.2547,224006.5,57247.32313,766
1.67089E+12,12/13/2022,ALPACABUSD,0.2605,0.261,0.2496,0.2556,573926,146079.0768,1689
1.6708E+12,12/12/2022,ALPACABUSD,0.2656,0.2661,0.257,0.26,478807,125442.9694,1286
1.67072E+12,12/11/2022,ALPACABUSD,0.2676,0.2711,0.264,0.2659,380889.9,102353.5785,995
1.67063E+12,12/10/2022,ALPACABUSD,0.2764,0.28,0.2653,0.2675,529599,142496.6705,1364
1.67054E+12,12/9/2022,ALPACABUSD,0.2744,0.2803,0.2722,0.2769,242565.3,67106.90256,949
1.67046E+12,12/8/2022,ALPACABUSD,0.2689,0.275,0.2636,0.2748,337869.4,90530.38755,1114
1.67037E+12,12/7/2022,ALPACABUSD,0.2793,0.2803,0.2659,0.2699,624567.8,169319.9688,1492
1.67028E+12,12/6/2022,ALPACABUSD,0.283,0.2881,0.2773,0.2793,849985.8,239385.1498,2035
1.6702E+12,12/5/2022,ALPACABUSD,0.2721,0.3096,0.2717,0.283,5891618.5,1687299.107,13258
1.67011E+12,12/4/2022,ALPACABUSD,0.2793,0.2798,0.2672,0.2719,1339480,363008.6829,2541
1.67003E+12,12/3/2022,ALPACABUSD,0.2596,0.298,0.2569,0.2788,8550338.7,2391351.008,17353
1.66994E+12,12/2/2022,ALPACABUSD,0.2614,0.262,0.2532,0.2595,594401.5,152798.1637,1269
1.66985E+12,12/1/2022,ALPACABUSD,0.2599,0.3069,0.2559,0.2614,10177431.5,2864002.907,20000
1.66977E+12,11/30/2022,ALPACABUSD,0.2445,0.3277,0.2421,0.2598,14730419.2,4246170.056,29497
1.66968E+12,11/29/2022,ALPACABUSD,0.2369,0.2473,0.2367,0.2438,308102.9,75062.58422,1062
1.66959E+12,11/28/2022,ALPACABUSD,0.2393,0.2408,0.2309,0.2369,296563.1,69661.93367,877
1.66951E+12,11/27/2022,ALPACABUSD,0.2415,0.2498,0.2388,0.2388,580581.9,142429.9689,1997
1.66942E+12,11/26/2022,ALPACABUSD,0.2363,0.243,0.2362,0.2406,257665.9,61649.63018,896
1.66933E+12,11/25/2022,ALPACABUSD,0.2381,0.2396,0.2308,0.2362,325207.5,76330.59356,637
1.66925E+12,11/24/2022,ALPACABUSD,0.2368,0.2392,0.2326,0.2391,324510.9,76411.09916,784
1.66916E+12,11/23/2022,ALPACABUSD,0.2237,0.2489,0.2236,0.2374,1832217.5,429627.1302,3979
1.66908E+12,11/22/2022,ALPACABUSD,0.2146,0.225,0.2101,0.2237,574566.1,123846.7831,1019
1.66899E+12,11/21/2022,ALPACABUSD,0.222,0.2224,0.2124,0.2131,724004.1,158043.1814,1340
1.6689E+12,11/20/2022,ALPACABUSD,0.2252,0.2342,0.2207,0.2213,912467.8,209321.9242,2019
1.66882E+12,11/19/2022,ALPACABUSD,0.2243,0.2269,0.2216,0.2254,121377.6,27167.24935,354
1.66873E+12,11/18/2022,ALPACABUSD,0.2252,0.2291,0.223,0.2245,173091.1,39166.9103,366
1.66864E+12,11/17/2022,ALPACABUSD,0.2268,0.2274,0.2205,0.2251,371439.5,83441.03463,613
1.66856E+12,11/16/2022,ALPACABUSD,0.2291,0.2315,0.223,0.2269,374864.7,84810.27479,659
1.66847E+12,11/15/2022,ALPACABUSD,0.2279,0.2337,0.2253,0.2302,532193.9,122285.0087,987
1.66838E+12,11/14/2022,ALPACABUSD,0.2303,0.2345,0.2212,0.2264,575291.5,130650.8298,1620
1.6683E+12,11/13/2022,ALPACABUSD,0.2336,0.2414,0.2269,0.2294,582508.2,136474.9596,1448
1.66821E+12,11/12/2022,ALPACABUSD,0.2326,0.2368,0.2269,0.2335,390733.6,90697.83923,1209
1.66812E+12,11/11/2022,ALPACABUSD,0.2459,0.2499,0.2292,0.2323,605773.2,143991.2901,2047
1.66804E+12,11/10/2022,ALPACABUSD,0.2306,0.2508,0.2283,0.2461,1653186.6,394676.7176,3283
1.66795E+12,11/9/2022,ALPACABUSD,0.2611,0.273,0.2292,0.2306,2129078.9,538478.8548,4520
1.66787E+12,11/8/2022,ALPACABUSD,0.2969,0.3006,0.2512,0.2611,2802568,764666.1526,6869
1.66778E+12,11/7/2022,ALPACABUSD,0.2978,0.3012,0.2929,0.2969,319849.7,94926.65536,849
1.66769E+12,11/6/2022,ALPACABUSD,0.3023,0.3095,0.2972,0.2978,661174.9,200246.318,1483
1.66761E+12,11/5/2022,ALPACABUSD,0.3022,0.3128,0.301,0.3024,795465.3,243819.4481,2108
1.66752E+12,11/4/2022,ALPACABUSD,0.2917,0.3048,0.2908,0.302,958078.9,286891.927,2619
1.66743E+12,11/3/2022,ALPACABUSD,0.2868,0.2945,0.2865,0.292,508747.5,147750.1741,1273
1.66735E+12,11/2/2022,ALPACABUSD,0.2882,0.2919,0.285,0.2871,339761.1,97694.47313,826
1.66726E+12,11/1/2022,ALPACABUSD,0.2904,0.2926,0.287,0.2888,187547.6,54277.19947,550
1.66717E+12,10/31/2022,ALPACABUSD,0.2901,0.2957,0.2861,0.2903,610416.5,177760.5699,1476
1.66709E+12,10/30/2022,ALPACABUSD,0.2916,0.316,0.288,0.29,2296267.5,696697.5774,4511
1.667E+12,10/29/2022,ALPACABUSD,0.2951,0.2987,0.2907,0.2912,461415.7,136023.1824,1159
1.66692E+12,10/28/2022,ALPACABUSD,0.2885,0.2991,0.2878,0.294,973978,286891.5324,2269
1.66683E+12,10/27/2022,ALPACABUSD,0.2939,0.296,0.2883,0.2885,348545.5,101794.8837,964
1.66674E+12,10/26/2022,ALPACABUSD,0.2951,0.2981,0.2912,0.2936,445375.9,131402.4562,1132
1.66666E+12,10/25/2022,ALPACABUSD,0.2927,0.2987,0.2909,0.2948,530580.2,156899.8089,1213
1.66657E+12,10/24/2022,ALPACABUSD,0.2915,0.2951,0.2875,0.2928,428279.2,124708.8284,1011
1.66648E+12,10/23/2022,ALPACABUSD,0.2962,0.32,0.2858,0.2908,4482086.8,1366874.049,8156
1.6664E+12,10/22/2022,ALPACABUSD,0.2846,0.3042,0.2832,0.2957,1258088.4,370929.4433,3236
1.66631E+12,10/21/2022,ALPACABUSD,0.2877,0.2895,0.2793,0.285,352577.3,100025.5434,1096
1.66622E+12,10/20/2022,ALPACABUSD,0.2852,0.296,0.2838,0.2878,508961.8,147865.7966,1256
1.66614E+12,10/19/2022,ALPACABUSD,0.2945,0.2954,0.2851,0.2858,418895.3,121321.1487,1126
1.66605E+12,10/18/2022,ALPACABUSD,0.2915,0.2956,0.2858,0.2951,431043.9,125150.5521,1146
1.66596E+12,10/17/2022,ALPACABUSD,0.2948,0.3071,0.2892,0.2912,1075147.9,319460.3786,2130
1.66588E+12,10/16/2022,ALPACABUSD,0.281,0.3166,0.2806,0.2945,4433658.2,1341376.584,9176
1.66579E+12,10/15/2022,ALPACABUSD,0.2742,0.2849,0.274,0.2812,451239.5,126574.4169,873
1.66571E+12,10/14/2022,ALPACABUSD,0.2762,0.286,0.2736,0.2754,308579.7,86001.75502,689
1.66562E+12,10/13/2022,ALPACABUSD,0.281,0.2825,0.2678,0.2761,675934,185425.1369,1212
1.66553E+12,10/12/2022,ALPACABUSD,0.2813,0.2855,0.2806,0.2812,135810.6,38430.91952,316
1.66545E+12,10/11/2022,ALPACABUSD,0.2843,0.2848,0.2793,0.2817,267163.2,75117.75592,483
1.66536E+12,10/10/2022,ALPACABUSD,0.2856,0.2884,0.2843,0.2848,198380.1,56683.98193,386
1.66527E+12,10/9/2022,ALPACABUSD,0.2905,0.305,0.2852,0.2866,1438307.1,422323.086,1279
1.66519E+12,10/8/2022,ALPACABUSD,0.2928,0.2965,0.288,0.2892,306872.5,89631.99565,465
1.6651E+12,10/7/2022,ALPACABUSD,0.2941,0.2965,0.2911,0.2928,321201.3,94298.56174,642
1.66501E+12,10/6/2022,ALPACABUSD,0.2983,0.2994,0.2931,0.2931,510177.3,151171.0952,947
1.66493E+12,10/5/2022,ALPACABUSD,0.3011,0.3017,0.2925,0.2982,653284.8,194114.7183,1132
1.66484E+12,10/4/2022,ALPACABUSD,0.2904,0.3164,0.2891,0.301,2766592,834544.0731,4631
1.66476E+12,10/3/2022,ALPACABUSD,0.2833,0.2912,0.2815,0.2901,770832.6,221737.8103,1327
1.66467E+12,10/2/2022,ALPACABUSD,0.2962,0.329,0.2828,0.2835,7461948.1,2285794.994,12435
1.66458E+12,10/1/2022,ALPACABUSD,0.3006,0.3007,0.2942,0.2962,676513.5,200615.3074,1175
1.6645E+12,9/30/2022,ALPACABUSD,0.2937,0.3084,0.291,0.2995,1621981,485794.2905,2691
1.66441E+12,9/29/2022,ALPACABUSD,0.2965,0.3012,0.2894,0.294,1304545.2,384304.046,2089
1.66432E+12,9/28/2022,ALPACABUSD,0.2949,0.3066,0.2865,0.2965,2658032.6,786654.4996,4265
1.66424E+12,9/27/2022,ALPACABUSD,0.3033,0.3084,0.2919,0.2949,2719536.7,815307.7875,3897
1.66415E+12,9/26/2022,ALPACABUSD,0.2845,0.3055,0.2828,0.3034,5419563.8,1587383.639,8182
1.66406E+12,9/25/2022,ALPACABUSD,0.2795,0.3078,0.2784,0.2849,3474360.4,1012800.498,5383
1.66398E+12,9/24/2022,ALPACABUSD,0.2825,0.2856,0.2788,0.2797,569155.7,160853.2121,1006
1.66389E+12,9/23/2022,ALPACABUSD,0.2863,0.2899,0.2767,0.2816,1435745.5,405759.4282,2484
1.6638E+12,9/22/2022,ALPACABUSD,0.2773,0.2861,0.2752,0.286,888744.1,249170.7008,1343
1.66372E+12,9/21/2022,ALPACABUSD,0.2802,0.2899,0.2728,0.2785,1203904.7,338079.6092,2187
1.66363E+12,9/20/2022,ALPACABUSD,0.3031,0.3152,0.2801,0.2803,3764979.2,1123157.54,5712
1.66355E+12,9/19/2022,ALPACABUSD,0.2823,0.357,0.2761,0.3026,38412158.9,11788012.79,62109
1.66346E+12,9/18/2022,ALPACABUSD,0.2722,0.364,0.2669,0.2832,31585687.8,9933419.634,48785
1.66337E+12,9/17/2022,ALPACABUSD,0.2668,0.277,0.266,0.2729,268134.7,72609.53608,602
1.66329E+12,9/16/2022,ALPACABUSD,0.275,0.2801,0.2669,0.2671,512744.5,139386.7698,966
1.6632E+12,9/15/2022,ALPACABUSD,0.2742,0.2881,0.2707,0.2753,718096.2,199873.7081,1236
1.66311E+12,9/14/2022,ALPACABUSD,0.2763,0.2803,0.2716,0.2747,406879.7,112235.5295,742
1.66303E+12,9/13/2022,ALPACABUSD,0.2825,0.288,0.272,0.2767,814603.9,228900.4287,1512
1.66294E+12,9/12/2022,ALPACABUSD,0.2869,0.2913,0.2811,0.2837,723159.6,206857.3495,1019
1.66285E+12,9/11/2022,ALPACABUSD,0.2852,0.2891,0.2804,0.2876,685128.2,194693.3759,1313
1.66277E+12,9/10/2022,ALPACABUSD,0.2854,0.318,0.2833,0.2848,5611201.1,1687633.934,8896
1.66268E+12,9/9/2022,ALPACABUSD,0.2808,0.2901,0.2808,0.2848,863649.4,246844.6572,1580
1.6626E+12,9/8/2022,ALPACABUSD,0.2835,0.284,0.2739,0.2807,806368.3,225231.2513,1584
1.66251E+12,9/7/2022,ALPACABUSD,0.2757,0.2836,0.2612,0.2835,883095.4,238100.9435,1968
1.66242E+12,9/6/2022,ALPACABUSD,0.2875,0.2896,0.2706,0.275,744413.9,209016.2673,1352
1.66234E+12,9/5/2022,ALPACABUSD,0.285,0.2969,0.2766,0.2889,2757050.3,792767.16,4888
1.66225E+12,9/4/2022,ALPACABUSD,0.2689,0.2988,0.267,0.2855,3049817.8,871119.5014,5715
1.66216E+12,9/3/2022,ALPACABUSD,0.2702,0.293,0.2672,0.2682,1985086.6,552503.8566,3259
1.66208E+12,9/2/2022,ALPACABUSD,0.2676,0.2728,0.2638,0.2702,1135344.4,303799.2107,1783
1.66199E+12,9/1/2022,ALPACABUSD,0.2628,0.299,0.2601,0.2672,6163405.8,1717046.224,9648
1.6619E+12,8/31/2022,ALPACABUSD,0.2591,0.2693,0.2588,0.2622,955306,252581.3673,1817
1.66182E+12,8/30/2022,ALPACABUSD,0.2638,0.2709,0.2556,0.2579,1851916.2,489845.1298,3414
1.66173E+12,8/29/2022,ALPACABUSD,0.2441,0.3099,0.2431,0.2646,12528084.9,3467095.148,21397
1.66164E+12,8/28/2022,ALPACABUSD,0.2507,0.2687,0.2423,0.2441,3522672.2,899850.1416,3962
1.66156E+12,8/27/2022,ALPACABUSD,0.2492,0.33,0.2478,0.2505,8770499.7,2479709.671,14934
1.66147E+12,8/26/2022,ALPACABUSD,0.2607,0.2609,0.2474,0.2499,480748.6,122043.4523,805
1.66139E+12,8/25/2022,ALPACABUSD,0.2546,0.2752,0.254,0.2605,993050.5,263731.2714,1789
1.6613E+12,8/24/2022,ALPACABUSD,0.253,0.2576,0.2463,0.2549,424900.1,106793.3629,962
1.66121E+12,8/23/2022,ALPACABUSD,0.2451,0.3093,0.2406,0.2544,6404891.7,1789946.468,10759
1.66113E+12,8/22/2022,ALPACABUSD,0.2477,0.2477,0.235,0.2449,314750.2,75620.35846,579
1.66104E+12,8/21/2022,ALPACABUSD,0.2407,0.2495,0.237,0.2482,440111.4,106779.5749,720
1.66095E+12,8/20/2022,ALPACABUSD,0.2313,0.247,0.2311,0.2399,869289.9,208167.0914,1599
1.66087E+12,8/19/2022,ALPACABUSD,0.2526,0.2554,0.2304,0.2313,914423.4,218268.3427,1885
1.66078E+12,8/18/2022,ALPACABUSD,0.2599,0.2627,0.2524,0.2531,342158.7,88400.40281,657
1.66069E+12,8/17/2022,ALPACABUSD,0.2716,0.2787,0.2592,0.2598,654288.6,176930,1395
1.66061E+12,8/16/2022,ALPACABUSD,0.2756,0.2774,0.2676,0.2713,500563.2,136423.1196,995
1.66052E+12,8/15/2022,ALPACABUSD,0.2871,0.2923,0.274,0.2757,497507.1,139765.078,1098
1.66044E+12,8/14/2022,ALPACABUSD,0.2905,0.294,0.2822,0.2878,609757.5,175911.8631,1173
1.66035E+12,8/13/2022,ALPACABUSD,0.2886,0.295,0.2878,0.2902,412774.7,120052.6608,863
1.66026E+12,8/12/2022,ALPACABUSD,0.2846,0.295,0.2846,0.2889,394596.9,114061.8856,1008
1.66018E+12,8/11/2022,ALPACABUSD,0.2832,0.2943,0.282,0.2841,539623.5,155649.2308,1051
1.66009E+12,8/10/2022,ALPACABUSD,0.2716,0.2853,0.2679,0.2826,705064.3,196529.9301,1421
1.66E+12,8/9/2022,ALPACABUSD,0.2793,0.2821,0.27,0.2716,466079.3,128647.3308,915
1.65992E+12,8/8/2022,ALPACABUSD,0.2836,0.2972,0.2771,0.2793,982741.5,282513.6561,2045
1.65983E+12,8/7/2022,ALPACABUSD,0.2777,0.2876,0.2738,0.2839,743620.7,208773.1139,1555
1.65974E+12,8/6/2022,ALPACABUSD,0.284,0.2976,0.2759,0.2771,1161603.4,332508.1444,2273
1.65966E+12,8/5/2022,ALPACABUSD,0.283,0.2932,0.2793,0.2836,1005666.8,286231.9933,2284
1.65957E+12,8/4/2022,ALPACABUSD,0.292,0.3038,0.2692,0.2843,2818650.7,815350.7345,4812
1.65948E+12,8/3/2022,ALPACABUSD,0.3436,0.3614,0.2845,0.291,19560708.5,6296283.564,33412
1.6594E+12,8/2/2022,ALPACABUSD,0.2647,0.426,0.2542,0.3432,21318400.1,7647361.96,43602
1.65931E+12,8/1/2022,ALPACABUSD,0.2644,0.2901,0.2609,0.2663,999984.6,271855.7148,1960
1.65923E+12,7/31/2022,ALPACABUSD,0.2633,0.2764,0.2616,0.2658,653671.7,175071.1745,1228
1.65914E+12,7/30/2022,ALPACABUSD,0.2696,0.2824,0.263,0.263,793158.6,217937.3457,1412
1.65905E+12,7/29/2022,ALPACABUSD,0.2561,0.289,0.2538,0.2701,2239703.3,600317.226,3542
1.65897E+12,7/28/2022,ALPACABUSD,0.2509,0.2595,0.2472,0.2558,614516.6,155326.4739,1008
1.65888E+12,7/27/2022,ALPACABUSD,0.2395,0.2513,0.2375,0.2512,535532.6,129957.4624,805
1.65879E+12,7/26/2022,ALPACABUSD,0.2401,0.2408,0.2366,0.2399,225683.4,53877.96026,445
1.65871E+12,7/25/2022,ALPACABUSD,0.2526,0.2693,0.2401,0.2401,1132487.2,287182.3001,2588
1.65862E+12,7/24/2022,ALPACABUSD,0.2429,0.2586,0.2409,0.2519,468910.8,118102.7543,880
1.65853E+12,7/23/2022,ALPACABUSD,0.2461,0.2542,0.2388,0.2424,544479.1,134286.8574,1102
1.65845E+12,7/22/2022,ALPACABUSD,0.246,0.2552,0.2458,0.2461,526825.1,131933.4981,928
1.65836E+12,7/21/2022,ALPACABUSD,0.2431,0.2471,0.2367,0.2465,465566.1,112700.2855,851
1.65828E+12,7/20/2022,ALPACABUSD,0.2549,0.2575,0.2421,0.2428,826751.3,206954.4414,1688
1.65819E+12,7/19/2022,ALPACABUSD,0.2458,0.2597,0.2399,0.2548,863635.4,215923.8201,1949
1.6581E+12,7/18/2022,ALPACABUSD,0.2345,0.2509,0.2333,0.2459,672827.7,164298.9341,1765
1.65802E+12,7/17/2022,ALPACABUSD,0.2383,0.2435,0.2336,0.234,516839.7,123673.1312,1141
1.65793E+12,7/16/2022,ALPACABUSD,0.2292,0.24,0.2264,0.2376,543578.4,126791.3334,1013
1.65784E+12,7/15/2022,ALPACABUSD,0.2352,0.2413,0.2254,0.2301,616185.4,145108.964,1268
1.65776E+12,7/14/2022,ALPACABUSD,0.2271,0.2474,0.2253,0.2359,1294402.3,307409.1288,2747
1.65767E+12,7/13/2022,ALPACABUSD,0.2205,0.2297,0.2141,0.2271,530583.6,117361.6774,986
1.65758E+12,7/12/2022,ALPACABUSD,0.2258,0.2283,0.2197,0.2209,391073.7,87585.92814,776
1.6575E+12,7/11/2022,ALPACABUSD,0.2304,0.2311,0.226,0.2269,181828.3,41608.17445,378
1.65741E+12,7/10/2022,ALPACABUSD,0.2352,0.2486,0.2292,0.2303,957922.9,227965.0895,1722
1.65732E+12,7/9/2022,ALPACABUSD,0.2355,0.2392,0.2324,0.2353,263230.7,61878.48002,517
1.65724E+12,7/8/2022,ALPACABUSD,0.234,0.2383,0.2307,0.2361,739440,173655.1059,1335
1.65715E+12,7/7/2022,ALPACABUSD,0.2316,0.249,0.2308,0.2336,2093184.8,492849.8275,3517
1.65707E+12,7/6/2022,ALPACABUSD,0.2532,0.268,0.2292,0.2317,19009564.9,4758326.481,25979
1.65698E+12,7/5/2022,ALPACABUSD,0.2153,0.2566,0.2142,0.2531,18644377.4,4443404.386,30301
1.65689E+12,7/4/2022,ALPACABUSD,0.2075,0.2156,0.2067,0.2147,432862.4,91525.85638,844
1.65681E+12,7/3/2022,ALPACABUSD,0.2094,0.234,0.2059,0.2071,2505627.4,549625.776,3851
1.65672E+12,7/2/2022,ALPACABUSD,0.2039,0.24,0.202,0.2089,4399687.9,967179.1804,6982
1.65663E+12,7/1/2022,ALPACABUSD,0.2014,0.2078,0.1988,0.2042,807245.1,163714.1372,1521
1.65655E+12,6/30/2022,ALPACABUSD,0.207,0.207,0.1947,0.2011,616324.5,122648.8366,1245
1.65646E+12,6/29/2022,ALPACABUSD,0.2117,0.213,0.2037,0.2067,448659.6,93342.30606,919
1.65637E+12,6/28/2022,ALPACABUSD,0.2187,0.2246,0.2113,0.2113,498677.7,109039.8459,986
1.65629E+12,6/27/2022,ALPACABUSD,0.2215,0.2261,0.2131,0.2171,426776.8,93787.95114,936
1.6562E+12,6/26/2022,ALPACABUSD,0.2275,0.2344,0.2215,0.222,875354.5,199419.9683,2042
1.65612E+12,6/25/2022,ALPACABUSD,0.2175,0.2453,0.2135,0.228,2864540.1,655040.7996,6160
1.65603E+12,6/24/2022,ALPACABUSD,0.2115,0.22,0.2056,0.217,774097,165469.3865,1720
1.65594E+12,6/23/2022,ALPACABUSD,0.207,0.2125,0.205,0.211,323039.2,67425.12635,754
1.65586E+12,6/22/2022,ALPACABUSD,0.2056,0.2132,0.1976,0.207,585879.6,120159.5205,1556
1.65577E+12,6/21/2022,ALPACABUSD,0.206,0.2243,0.2039,0.2057,812956,170469.3305,1901
1.65568E+12,6/20/2022,ALPACABUSD,0.1955,0.2072,0.1885,0.2065,577211.4,114300.7492,1276
1.6556E+12,6/19/2022,ALPACABUSD,0.19,0.2005,0.1824,0.195,980596.5,187742.4146,1738
1.65551E+12,6/18/2022,ALPACABUSD,0.2005,0.2022,0.1805,0.1892,561761.9,105781.6115,1380
1.65542E+12,6/17/2022,ALPACABUSD,0.199,0.2053,0.1974,0.1999,529856.3,106462.3827,1025
1.65534E+12,6/16/2022,ALPACABUSD,0.221,0.2226,0.1984,0.1991,564900.1,117752.5367,1254
1.65525E+12,6/15/2022,ALPACABUSD,0.212,0.2255,0.189,0.2191,1826281.3,375895.3656,4077
1.65516E+12,6/14/2022,ALPACABUSD,0.1958,0.245,0.1814,0.212,5356989,1153766.016,9458
1.65508E+12,6/13/2022,ALPACABUSD,0.2891,0.2934,0.1797,0.1954,4367239.5,962426.8785,6430
1.65499E+12,6/12/2022,ALPACABUSD,0.3004,0.3032,0.2837,0.2891,508096.5,148349.2174,1189
1.65491E+12,6/11/2022,ALPACABUSD,0.3115,0.321,0.2951,0.3002,381495.6,116822.1537,976
1.65482E+12,6/10/2022,ALPACABUSD,0.3242,0.3304,0.3112,0.3116,637790.9,203420.0257,1054
1.65473E+12,6/9/2022,ALPACABUSD,0.3318,0.3807,0.3211,0.3237,4220758.1,1470221.324,6520
1.65465E+12,6/8/2022,ALPACABUSD,0.3191,0.3398,0.3139,0.3323,2138479,694802.5142,2445
1.65456E+12,6/7/2022,ALPACABUSD,0.3132,0.319,0.3037,0.319,762950.8,235737.6006,861
1.65447E+12,6/6/2022,ALPACABUSD,0.3091,0.3216,0.2989,0.3135,641139.7,201371.3598,1951
1.65439E+12,6/5/2022,ALPACABUSD,0.3109,0.3139,0.3052,0.309,128905.5,39758.41786,627
1.6543E+12,6/4/2022,ALPACABUSD,0.3107,0.3137,0.3058,0.311,89744.8,27856.7863,575
1.65421E+12,6/3/2022,ALPACABUSD,0.3145,0.3199,0.3072,0.3091,199230.4,62293.21609,1254
1.65413E+12,6/2/2022,ALPACABUSD,0.3128,0.3176,0.306,0.3145,278620.6,87032.2837,1667
1.65404E+12,6/1/2022,ALPACABUSD,0.3444,0.3449,0.3108,0.3113,900676.7,294617.789,3465
1.65396E+12,5/31/2022,ALPACABUSD,0.3369,0.3513,0.328,0.3436,923290,315225.8878,3114
1.65387E+12,5/30/2022,ALPACABUSD,0.3101,0.3461,0.3084,0.3365,1701328.8,570153.5342,3746
1.65378E+12,5/29/2022,ALPACABUSD,0.3052,0.322,0.3045,0.3099,393723.7,123421.9337,1502
1.6537E+12,5/28/2022,ALPACABUSD,0.2957,0.3058,0.2955,0.305,107598.9,32393.9461,587
1.65361E+12,5/27/2022,ALPACABUSD,0.3007,0.3052,0.2946,0.2958,182657,54753.14217,1221
1.65352E+12,5/26/2022,ALPACABUSD,0.3158,0.3182,0.2988,0.3005,423974.4,129882.1397,2140
1.65344E+12,5/25/2022,ALPACABUSD,0.3226,0.3278,0.311,0.3161,486107.6,154882.8153,2404
1.65335E+12,5/24/2022,ALPACABUSD,0.3215,0.3448,0.3062,0.3219,921130.3,296717.4628,3531
1.65326E+12,5/23/2022,ALPACABUSD,0.3211,0.3653,0.3191,0.3213,1842784.6,628962.2202,5973
1.65318E+12,5/22/2022,ALPACABUSD,0.3148,0.3286,0.3136,0.3216,331149.2,106335.0058,1405
1.65309E+12,5/21/2022,ALPACABUSD,0.3115,0.3271,0.308,0.3149,334227,105965.1598,1388
1.653E+12,5/20/2022,ALPACABUSD,0.3236,0.3278,0.302,0.3113,434518.6,137767.673,2134
1.65292E+12,5/19/2022,ALPACABUSD,0.3046,0.3469,0.3028,0.324,1090789.3,354071.1498,3960
1.65283E+12,5/18/2022,ALPACABUSD,0.3237,0.3424,0.3044,0.3051,1085475.5,349557.6211,4288
1.65275E+12,5/17/2022,ALPACABUSD,0.3037,0.33,0.3022,0.3226,399556.1,125439.4057,1999
1.65266E+12,5/16/2022,ALPACABUSD,0.324,0.3254,0.2954,0.3031,627953.8,192042.1299,2525
1.65257E+12,5/15/2022,ALPACABUSD,0.3035,0.3264,0.2964,0.3241,553754.9,170716.1353,2295
1.65249E+12,5/14/2022,ALPACABUSD,0.3105,0.3539,0.2854,0.3039,1084895.8,332129.4082,3472
1.6524E+12,5/13/2022,ALPACABUSD,0.3072,0.3399,0.3056,0.3119,798809.1,256845.7633,3755
1.65231E+12,5/12/2022,ALPACABUSD,0.2815,0.3156,0.25,0.306,1661105.7,480813.499,4269
1.65223E+12,5/11/2022,ALPACABUSD,0.3206,0.3368,0.2588,0.2807,2103497.3,639045.7044,7195
1.65214E+12,5/10/2022,ALPACABUSD,0.3796,0.3803,0.2876,0.322,2265282.7,758668.9337,8373
1.65205E+12,5/9/2022,ALPACABUSD,0.428,0.4314,0.3746,0.38,811653,325695.2993,4262
1.65197E+12,5/8/2022,ALPACABUSD,0.4149,0.4639,0.4038,0.4274,1504063.8,649300.2845,4834
1.65188E+12,5/7/2022,ALPACABUSD,0.4259,0.4299,0.414,0.4152,276977.9,116917.5668,1081
1.6518E+12,5/6/2022,ALPACABUSD,0.4189,0.4437,0.4155,0.4258,545534,232191.2804,2571
1.65171E+12,5/5/2022,ALPACABUSD,0.4605,0.4755,0.4153,0.4188,978247.5,428745.1261,3095
1.65162E+12,5/4/2022,ALPACABUSD,0.4252,0.465,0.4212,0.4605,1085294,485166.8592,3764
1.65154E+12,5/3/2022,ALPACABUSD,0.434,0.4359,0.4218,0.4251,225776.8,96971.71651,1203
1.65145E+12,5/2/2022,ALPACABUSD,0.4123,0.4553,0.4112,0.434,1273327.9,549984.2373,4524
1.65136E+12,5/1/2022,ALPACABUSD,0.3906,0.4155,0.3881,0.4119,1719604.6,688931.42,3721
1.65128E+12,4/30/2022,ALPACABUSD,0.4705,0.5052,0.3672,0.39,2900498.7,1246190.542,6114
1.65119E+12,4/29/2022,ALPACABUSD,0.4979,0.5016,0.4701,0.4707,996898.7,479789.1669,2096
1.6511E+12,4/28/2022,ALPACABUSD,0.518,0.5309,0.4947,0.4961,953768.9,491165.8578,2185
1.65102E+12,4/27/2022,ALPACABUSD,0.51,0.5206,0.5044,0.5185,796424.8,406899.1102,1977
1.65093E+12,4/26/2022,ALPACABUSD,0.571,0.5746,0.5079,0.5098,652675.3,353507.0819,2263
1.65084E+12,4/25/2022,ALPACABUSD,0.5952,0.5952,0.5475,0.5719,1351193.5,761973.1938,3589
1.65076E+12,4/24/2022,ALPACABUSD,0.6158,0.6247,0.5918,0.5955,700811.3,421471.8252,2516
1.65067E+12,4/23/2022,ALPACABUSD,0.5978,0.6252,0.59,0.6161,599568.8,365588.4598,2638
1.65059E+12,4/22/2022,ALPACABUSD,0.6112,0.6297,0.5926,0.5981,1254282.7,762426.2784,3366
1.6505E+12,4/21/2022,ALPACABUSD,0.6817,0.6825,0.6033,0.614,2461295.6,1591126.742,6350
1.65041E+12,4/20/2022,ALPACABUSD,0.6388,0.6883,0.625,0.682,1828038.3,1197039.886,6485
1.65033E+12,4/19/2022,ALPACABUSD,0.6339,0.6466,0.6204,0.6387,989845.9,626524.3774,3867
1.65024E+12,4/18/2022,ALPACABUSD,0.6399,0.6595,0.5915,0.6336,4922234.9,3090758.576,15351
1.65015E+12,4/17/2022,ALPACABUSD,0.5997,0.645,0.5951,0.6384,1789877.1,1091981.49,5394
1.65007E+12,4/16/2022,ALPACABUSD,0.585,0.6693,0.5748,0.5997,10185945.2,6391828.108,30883
1.64998E+12,4/15/2022,ALPACABUSD,0.5444,0.6126,0.531,0.5875,1897974.5,1076765.537,8273
1.64989E+12,4/14/2022,ALPACABUSD,0.5805,0.5913,0.536,0.5444,1698261.6,947303.9583,6339
1.64981E+12,4/13/2022,ALPACABUSD,0.5969,0.6193,0.53,0.5821,5952176.6,3381977.272,15458
1.64972E+12,4/12/2022,ALPACABUSD,0.5726,0.7481,0.5726,0.5952,25095366.3,16635868.17,60134
1.64964E+12,4/11/2022,ALPACABUSD,0.5645,0.62,0.5195,0.5729,3473271.4,1981428.245,9072
1.64955E+12,4/10/2022,ALPACABUSD,0.5636,0.62,0.5448,0.5646,2837578.5,1669793.857,10204
1.64946E+12,4/9/2022,ALPACABUSD,0.5176,0.615,0.5147,0.563,6318445.2,3590845.503,16832
1.64938E+12,4/8/2022,ALPACABUSD,0.5227,0.5486,0.5059,0.5176,1425520.1,746712.8159,4488
1.64929E+12,4/7/2022,ALPACABUSD,0.4977,0.5683,0.4915,0.5227,2368295.9,1257732.893,7284
1.6492E+12,4/6/2022,ALPACABUSD,0.5542,0.5563,0.4897,0.4973,1760500.3,910899.3374,4658
1.64912E+12,4/5/2022,ALPACABUSD,0.5134,0.5989,0.5098,0.5534,3990471.4,2214030.129,10401
1.64903E+12,4/4/2022,ALPACABUSD,0.528,0.5289,0.495,0.5134,614468.1,316084.3105,2087
1.64894E+12,4/3/2022,ALPACABUSD,0.5074,0.5383,0.5018,0.5284,486330.8,253688.6847,2187
1.64886E+12,4/2/2022,ALPACABUSD,0.506,0.5415,0.5044,0.5073,1199620.9,620724.8468,3761
1.64877E+12,4/1/2022,ALPACABUSD,0.4732,0.588,0.4709,0.5062,4267139.4,2222275.062,10502
1.64868E+12,3/31/2022,ALPACABUSD,0.4835,0.5143,0.4684,0.473,1028076.1,503292.7288,3230
1.6486E+12,3/30/2022,ALPACABUSD,0.4702,0.4899,0.4598,0.4839,654070.6,310270.8967,2057
1.64851E+12,3/29/2022,ALPACABUSD,0.4753,0.4953,0.4665,0.4702,671109.6,323843.9528,1998
1.64843E+12,3/28/2022,ALPACABUSD,0.4848,0.4948,0.4732,0.4756,604541.4,295107.76,1950
1.64834E+12,3/27/2022,ALPACABUSD,0.4752,0.4871,0.4727,0.4845,951101.8,455966.1742,2591
1.64825E+12,3/26/2022,ALPACABUSD,0.4661,0.4983,0.4656,0.4749,1174711.5,560445.2775,3513
1.64817E+12,3/25/2022,ALPACABUSD,0.4667,0.525,0.4593,0.4657,2695227.1,1315250.672,6798
1.64808E+12,3/24/2022,ALPACABUSD,0.4619,0.4726,0.4558,0.4657,622395.9,289037.8409,2346
1.64799E+12,3/23/2022,ALPACABUSD,0.4609,0.4737,0.45,0.4619,588365.6,270907.2869,2604
1.64791E+12,3/22/2022,ALPACABUSD,0.4673,0.489,0.4589,0.4604,1229185.9,579118.868,3674
1.64782E+12,3/21/2022,ALPACABUSD,0.5119,0.54,0.4502,0.4674,6325303.6,3119623.896,16720
1.64773E+12,3/20/2022,ALPACABUSD,0.428,0.6574,0.4173,0.5125,19060416.8,10161843.55,38202
1.64765E+12,3/19/2022,ALPACABUSD,0.4141,0.4363,0.4107,0.4276,780694.5,331958.9477,2502
1.64756E+12,3/18/2022,ALPACABUSD,0.3999,0.4181,0.396,0.4141,297757.4,121402.8073,1318
1.64748E+12,3/17/2022,ALPACABUSD,0.4059,0.4086,0.3979,0.3994,623789,250693.193,1244
1.64739E+12,3/16/2022,ALPACABUSD,0.4015,0.4078,0.396,0.4062,594777.6,240094.9236,1471
1.6473E+12,3/15/2022,ALPACABUSD,0.4058,0.4062,0.3953,0.402,243026.8,97525.55552,800
1.64722E+12,3/14/2022,ALPACABUSD,0.412,0.4263,0.4006,0.406,868430.4,360822.6091,2232
1.64713E+12,3/13/2022,ALPACABUSD,0.398,0.44,0.3954,0.4119,1818044.1,758231.1803,5684
1.64704E+12,3/12/2022,ALPACABUSD,0.393,0.4191,0.3907,0.399,797889.2,321292.0007,2704
1.64696E+12,3/11/2022,ALPACABUSD,0.3991,0.4067,0.3903,0.3933,676383.6,269690.9344,2102
1.64687E+12,3/10/2022,ALPACABUSD,0.4092,0.4131,0.3938,0.3985,942041.2,379004.1927,2411
1.64678E+12,3/9/2022,ALPACABUSD,0.4082,0.4263,0.4065,0.4094,1465325.7,609533.6895,4209
1.6467E+12,3/8/2022,ALPACABUSD,0.3861,0.448,0.3833,0.407,6160452.4,2555313.198,14624
1.64661E+12,3/7/2022,ALPACABUSD,0.3763,0.424,0.3568,0.3859,2884356.6,1128005.605,7776
1.64652E+12,3/6/2022,ALPACABUSD,0.3945,0.3983,0.3744,0.3752,829278.7,318999.3557,2457
1.64644E+12,3/5/2022,ALPACABUSD,0.3827,0.459,0.3784,0.394,5641047,2347242.791,11934
1.64635E+12,3/4/2022,ALPACABUSD,0.3826,0.4149,0.3756,0.3832,2677663.6,1053603.677,7151
1.64627E+12,3/3/2022,ALPACABUSD,0.3883,0.3926,0.3755,0.3821,704739.5,269738.1884,2339
1.64618E+12,3/2/2022,ALPACABUSD,0.397,0.3979,0.3851,0.3869,1016350.2,397997.8461,2818
1.64609E+12,3/1/2022,ALPACABUSD,0.4008,0.4092,0.3861,0.3968,1404059.5,555527.632,3858
1.64601E+12,2/28/2022,ALPACABUSD,0.3918,0.45,0.3635,0.4008,8056448.4,3209079.855,17848
1.64592E+12,2/27/2022,ALPACABUSD,0.3499,0.486,0.34,0.3912,4717752.1,1901226.391,9578
1.64583E+12,2/26/2022,ALPACABUSD,0.3527,0.3611,0.3459,0.3495,238792.2,84230.59785,791
1.64575E+12,2/25/2022,ALPACABUSD,0.3372,0.36,0.336,0.351,720871.9,249729.9014,2338
1.64566E+12,2/24/2022,ALPACABUSD,0.3569,0.3585,0.3143,0.3373,1018472.5,335066.9087,3535
1.64557E+12,2/23/2022,ALPACABUSD,0.3579,0.3734,0.3569,0.3569,314388.5,114581.2947,1414
1.64549E+12,2/22/2022,ALPACABUSD,0.3602,0.3621,0.3472,0.3592,498307.1,176365.9056,1763
1.6454E+12,2/21/2022,ALPACABUSD,0.36,0.4141,0.3561,0.3602,1834466.5,696474.1353,4666
1.64532E+12,2/20/2022,ALPACABUSD,0.4,0.4014,0.35,0.36,1659122,620629.287,3284
1.64523E+12,2/19/2022,ALPACABUSD,0.4186,0.419,0.3948,0.3995,1810486.4,732213.0588,3949
1.64514E+12,2/18/2022,ALPACABUSD,0.4303,0.51,0.4145,0.4179,12368240.4,5703540.346,24887
1.64506E+12,2/17/2022,ALPACABUSD,0.3948,0.455,0.3902,0.4309,5097617.9,2142430.009,12075
1.64497E+12,2/16/2022,ALPACABUSD,0.4,0.4,0.3805,0.3938,301834.2,118042.4002,1113
1.64488E+12,2/15/2022,ALPACABUSD,0.3951,0.4085,0.3925,0.4008,554450.3,221159.1069,1390
1.6448E+12,2/14/2022,ALPACABUSD,0.374,0.4129,0.3695,0.3937,771481.1,300763.9157,2554
1.64471E+12,2/13/2022,ALPACABUSD,0.3769,0.4189,0.374,0.3749,926182.3,365250.105,2567
1.64462E+12,2/12/2022,ALPACABUSD,0.3716,0.3838,0.3699,0.3773,263680.8,99345.26048,1139
1.64454E+12,2/11/2022,ALPACABUSD,0.3959,0.4063,0.3691,0.3718,471568.8,185913.9263,1719
1.64445E+12,2/10/2022,ALPACABUSD,0.4168,0.4181,0.3959,0.3979,677857.6,276536.4732,1916
1.64436E+12,2/9/2022,ALPACABUSD,0.3996,0.4297,0.3968,0.4168,1152821.3,479820.0351,2898
1.64428E+12,2/8/2022,ALPACABUSD,0.4229,0.4261,0.3872,0.3998,793195.4,321829.2089,2507
1.64419E+12,2/7/2022,ALPACABUSD,0.3912,0.458,0.386,0.4219,2771735,1193059.357,5594
1.64411E+12,2/6/2022,ALPACABUSD,0.3748,0.425,0.3692,0.3902,871686.6,340334.5618,2352
1.64402E+12,2/5/2022,ALPACABUSD,0.3713,0.3842,0.3636,0.3747,595116.4,223556.1802,1493
1.64393E+12,2/4/2022,ALPACABUSD,0.3489,0.3736,0.3471,0.372,432730.7,156185.6686,1164
1.64385E+12,2/3/2022,ALPACABUSD,0.3541,0.3576,0.3426,0.3474,542762.5,190119.6231,1527
1.64376E+12,2/2/2022,ALPACABUSD,0.3672,0.3783,0.3485,0.3531,1616968.9,587549.0154,2809
1.64367E+12,2/1/2022,ALPACABUSD,0.372,0.377,0.3639,0.3677,1065271.4,394728.0071,1775
1.64359E+12,1/31/2022,ALPACABUSD,0.3594,0.3747,0.3484,0.3727,1382181.7,497232.2234,2947
1.6435E+12,1/30/2022,ALPACABUSD,0.3554,0.3649,0.35,0.3605,663405.7,237718.9677,1750
1.64341E+12,1/29/2022,ALPACABUSD,0.3511,0.3821,0.3451,0.356,2424008.1,872736.328,4948
1.64333E+12,1/28/2022,ALPACABUSD,0.3427,0.3646,0.3369,0.3506,1832363.4,639059.797,3426
1.64324E+12,1/27/2022,ALPACABUSD,0.358,0.3686,0.3343,0.3427,2896635.4,1008971.386,6490
1.64316E+12,1/26/2022,ALPACABUSD,0.3713,0.3831,0.3454,0.3585,1690045,613601.8047,4892
1.64307E+12,1/25/2022,ALPACABUSD,0.3272,0.3945,0.3233,0.3704,6080522.7,2191952.007,13487
1.64298E+12,1/24/2022,ALPACABUSD,0.3103,0.345,0.2786,0.3273,5432625.3,1672174.687,12209
1.6429E+12,1/23/2022,ALPACABUSD,0.302,0.3439,0.2945,0.3119,2057662.5,652933.6426,5567
1.64281E+12,1/22/2022,ALPACABUSD,0.3101,0.3162,0.2508,0.3008,3488840.7,1002039.26,9036
1.64272E+12,1/21/2022,ALPACABUSD,0.4224,0.4254,0.2954,0.3097,4201634.6,1474221.09,12092
1.64264E+12,1/20/2022,ALPACABUSD,0.4501,0.458,0.4225,0.4231,659160.2,291658.3222,2631
1.64255E+12,1/19/2022,ALPACABUSD,0.4567,0.4593,0.4436,0.4496,461042.2,208162.2556,1912
1.64246E+12,1/18/2022,ALPACABUSD,0.4824,0.4851,0.4501,0.4569,528229,244950.4683,2477
1.64238E+12,1/17/2022,ALPACABUSD,0.5051,0.5129,0.4768,0.4825,1014552.5,501139.1692,3879
1.64229E+12,1/16/2022,ALPACABUSD,0.4885,0.5137,0.4825,0.5053,784517.2,390717.5006,3190
1.6422E+12,1/15/2022,ALPACABUSD,0.4984,0.5012,0.4856,0.4889,490707.6,241697.6276,1653
1.64212E+12,1/14/2022,ALPACABUSD,0.4816,0.5,0.4788,0.4979,727716.6,356483.0804,3118
1.64203E+12,1/13/2022,ALPACABUSD,0.5113,0.5208,0.4802,0.4813,616108.7,307965.2309,2437
1.64195E+12,1/12/2022,ALPACABUSD,0.4863,0.5136,0.4845,0.5112,514650.5,255700.1384,2333
1.64186E+12,1/11/2022,ALPACABUSD,0.4824,0.4923,0.4718,0.486,870562.6,418552.7741,3706
1.64177E+12,1/10/2022,ALPACABUSD,0.4973,0.5022,0.4468,0.4819,1552006.9,731749.8427,6465
1.64169E+12,1/9/2022,ALPACABUSD,0.4922,0.5531,0.484,0.4977,2549572.6,1315579.101,9000
1.6416E+12,1/8/2022,ALPACABUSD,0.503,0.5131,0.4876,0.4922,819755.1,408977.7631,3985
1.64151E+12,1/7/2022,ALPACABUSD,0.5607,0.5638,0.497,0.5024,1229127.7,633842.7842,5253
1.64143E+12,1/6/2022,ALPACABUSD,0.5661,0.5761,0.5419,0.5606,1050795.4,587279.4163,4727
1.64134E+12,1/5/2022,ALPACABUSD,0.6178,0.6343,0.5561,0.566,1043213.7,623513.2102,5490
1.64125E+12,1/4/2022,ALPACABUSD,0.6208,0.67,0.61,0.6169,2465674.4,1572472.946,11838
1.64117E+12,1/3/2022,ALPACABUSD,0.608,0.6732,0.5975,0.6187,1943440.3,1210874.814,8984
1.64108E+12,1/2/2022,ALPACABUSD,0.6255,0.6311,0.6038,0.608,1156810.6,708819.339,4673
1.641E+12,1/1/2022,ALPACABUSD,0.5979,0.686,0.586,0.6255,2133256.3,1363502.752,10327
1.64091E+12,12/31/2021,ALPACABUSD,0.6031,0.6263,0.5938,0.5962,1044410.9,639316.8099,4351
1.64082E+12,12/30/2021,ALPACABUSD,0.6186,0.6682,0.601,0.6035,2059369.8,1300387.069,8143
1.64074E+12,12/29/2021,ALPACABUSD,0.6808,0.81,0.61,0.6183,14557862.4,10419337.47,52816
1.64065E+12,12/28/2021,ALPACABUSD,0.5999,0.74,0.5622,0.6765,9386360.2,6290246.564,35075
1.64056E+12,12/27/2021,ALPACABUSD,0.5846,0.6172,0.577,0.5998,562853,333851.3524,3294
1.64048E+12,12/26/2021,ALPACABUSD,0.5608,0.5865,0.5559,0.5847,411056.4,234945.4138,2422
1.64039E+12,12/25/2021,ALPACABUSD,0.562,0.5663,0.5528,0.5608,300375.3,167922.8432,1687
1.6403E+12,12/24/2021,ALPACABUSD,0.575,0.5752,0.555,0.5616,479412.6,270411.4536,2598
1.64022E+12,12/23/2021,ALPACABUSD,0.5568,0.5753,0.5479,0.575,381228.7,213700.311,2285
1.64013E+12,12/22/2021,ALPACABUSD,0.5705,0.5745,0.5499,0.5576,499233.4,280078.3483,2691
1.64004E+12,12/21/2021,ALPACABUSD,0.5256,0.6,0.5189,0.5706,1048812.8,594826.2532,5282
1.63996E+12,12/20/2021,ALPACABUSD,0.5262,0.5389,0.5072,0.5266,601585.5,315788.1037,3283
1.63987E+12,12/19/2021,ALPACABUSD,0.5311,0.5365,0.5189,0.5279,307965.2,162329.419,1380
1.63979E+12,12/18/2021,ALPACABUSD,0.5057,0.5417,0.504,0.5298,416177.9,219437.4352,2284
1.6397E+12,12/17/2021,ALPACABUSD,0.5414,0.5435,0.4928,0.5055,577327.3,294191.2042,2293
1.63961E+12,12/16/2021,ALPACABUSD,0.5137,0.5493,0.5036,0.5435,520474.4,271261.2867,2111
1.63953E+12,12/15/2021,ALPACABUSD,0.5006,0.5213,0.4799,0.5131,738869.5,368164.0668,2673
1.63944E+12,12/14/2021,ALPACABUSD,0.5094,0.5117,0.4824,0.5004,873903.4,435428.6653,2985
1.63935E+12,12/13/2021,ALPACABUSD,0.5802,0.582,0.5067,0.5091,1440059.6,780900.0462,4504
1.63927E+12,12/12/2021,ALPACABUSD,0.56,0.6173,0.5458,0.5801,1565039.3,908499.1514,5617
1.63918E+12,12/11/2021,ALPACABUSD,0.5355,0.5627,0.5324,0.5602,438598.6,239861.8818,1960
1.63909E+12,12/10/2021,ALPACABUSD,0.564,0.5766,0.5323,0.5353,790983.8,439350.6233,2780
1.63901E+12,12/9/2021,ALPACABUSD,0.6179,0.6189,0.5627,0.5634,1033148.4,612621.5594,3631
1.63892E+12,12/8/2021,ALPACABUSD,0.5743,0.6454,0.566,0.6179,1766298.1,1058282.749,5441
1.63884E+12,12/7/2021,ALPACABUSD,0.6071,0.6201,0.5732,0.5732,1843335.1,1104465.19,6193
1.63875E+12,12/6/2021,ALPACABUSD,0.5662,0.82,0.5166,0.6066,5840732,3801827.263,17356
1.63866E+12,12/5/2021,ALPACABUSD,0.6116,0.6649,0.5466,0.5651,2217730.6,1302410.304,7697
1.63858E+12,12/4/2021,ALPACABUSD,0.724,0.7279,0.5674,0.6111,2476031,1556256.441,7333
1.63849E+12,12/3/2021,ALPACABUSD,0.7304,0.7909,0.6955,0.724,2847057.7,2093161.411,9327
1.6384E+12,12/2/2021,ALPACABUSD,0.6975,0.8744,0.6872,0.7295,5972664.3,4650978.02,18459
1.63832E+12,12/1/2021,ALPACABUSD,0.6829,0.7254,0.6811,0.6975,1037911,734337.1451,3847
1.63823E+12,11/30/2021,ALPACABUSD,0.7071,0.7103,0.6765,0.6838,847758.4,586039.1794,2812
1.63814E+12,11/29/2021,ALPACABUSD,0.7068,0.7224,0.7,0.7085,551408,392169.8763,2074
1.63806E+12,11/28/2021,ALPACABUSD,0.7308,0.7308,0.6817,0.7068,1013793.3,709637.6788,3255
1.63797E+12,11/27/2021,ALPACABUSD,0.6957,0.7361,0.6946,0.7316,787335.4,563733.0359,3125
1.63788E+12,11/26/2021,ALPACABUSD,0.7282,0.7359,0.6735,0.6969,1740869.4,1225570.013,5521
1.6378E+12,11/25/2021,ALPACABUSD,0.7099,0.7501,0.705,0.7282,1068474.5,773754.7263,3830
1.63771E+12,11/24/2021,ALPACABUSD,0.754,0.7582,0.7079,0.7099,881644.2,645063.3859,3305
1.63763E+12,11/23/2021,ALPACABUSD,0.745,0.7566,0.7313,0.754,940001.8,700809.8339,2860
1.63754E+12,11/22/2021,ALPACABUSD,0.7887,0.7895,0.7366,0.7454,1033222.3,782431.8287,3664
1.63745E+12,11/21/2021,ALPACABUSD,0.8197,0.85,0.7873,0.7888,1076940,874689.0125,4580
1.63737E+12,11/20/2021,ALPACABUSD,0.7714,0.8345,0.7687,0.8173,1073665.9,853705.4449,4805
1.63728E+12,11/19/2021,ALPACABUSD,0.7353,0.7771,0.729,0.7719,651768.4,491751.6661,3045
1.63719E+12,11/18/2021,ALPACABUSD,0.7822,0.792,0.7319,0.7353,864265.5,658672.8951,3490
1.63711E+12,11/17/2021,ALPACABUSD,0.8034,0.8119,0.7535,0.781,1217134.3,943390.2977,4034
1.63702E+12,11/16/2021,ALPACABUSD,0.8422,0.8641,0.7542,0.8037,2505145.7,2018114.753,11634
1.63693E+12,11/15/2021,ALPACABUSD,0.8781,0.8834,0.839,0.8422,940684.5,804835.9794,4718
1.63685E+12,11/14/2021,ALPACABUSD,0.8072,0.9457,0.8009,0.878,7740147.8,6893262.073,25255
1.63676E+12,11/13/2021,ALPACABUSD,0.7983,0.8164,0.7746,0.8058,755834.5,601753.4356,2854
1.63668E+12,11/12/2021,ALPACABUSD,0.8199,0.8315,0.7741,0.7967,1124945.1,905883.3837,4087
1.63659E+12,11/11/2021,ALPACABUSD,0.8276,0.8282,0.7976,0.8204,1137844.9,927219.744,3870
1.6365E+12,11/10/2021,ALPACABUSD,0.863,0.8675,0.7935,0.8277,1171568.2,987993.5514,4099
1.63642E+12,11/9/2021,ALPACABUSD,0.8674,0.876,0.86,0.8613,599851,520991.4547,2998
1.63633E+12,11/8/2021,ALPACABUSD,0.8899,0.8907,0.8598,0.8674,664246,579997.141,3524
1.63624E+12,11/7/2021,ALPACABUSD,0.8701,0.8945,0.8642,0.8894,773232.1,680708.8292,4539
1.63616E+12,11/6/2021,ALPACABUSD,0.8773,0.8979,0.8407,0.872,1304510.1,1133793.589,6065
1.63607E+12,11/5/2021,ALPACABUSD,0.8871,0.9005,0.872,0.8773,817549.5,724938.23,4086
1.63598E+12,11/4/2021,ALPACABUSD,0.9097,0.9115,0.8857,0.8875,792054.4,711604.655,3482
1.6359E+12,11/3/2021,ALPACABUSD,0.9175,0.919,0.8882,0.9097,736232.2,665604.4229,4507
1.63581E+12,11/2/2021,ALPACABUSD,0.919,0.9499,0.9036,0.9175,1186316.5,1100420.891,5414
1.63572E+12,11/1/2021,ALPACABUSD,0.895,0.9235,0.8859,0.919,832767,757382.8953,4015
1.63564E+12,10/31/2021,ALPACABUSD,0.9072,0.9151,0.875,0.895,677890.1,604563.7228,3726
1.63555E+12,10/30/2021,ALPACABUSD,0.9371,0.9401,0.8984,0.9057,667574,612626.0659,4449
1.63547E+12,10/29/2021,ALPACABUSD,0.88,0.9448,0.852,0.9371,1199100.4,1058043.049,5782
1.63538E+12,10/28/2021,ALPACABUSD,0.83,0.8863,0.8299,0.8795,893318.4,762061.8226,4503
1.63529E+12,10/27/2021,ALPACABUSD,0.8832,0.8967,0.8284,0.829,1352873.6,1155254.472,6128
1.63521E+12,10/26/2021,ALPACABUSD,0.875,0.908,0.869,0.8832,998126.6,881286.1082,4981
1.63512E+12,10/25/2021,ALPACABUSD,0.8812,0.8915,0.8651,0.8754,1222288,1073924.946,4742
1.63503E+12,10/24/2021,ALPACABUSD,0.9009,0.9115,0.8762,0.8802,569284.9,509001.2763,3327
1.63495E+12,10/23/2021,ALPACABUSD,0.8968,0.9073,0.8863,0.8996,471794.9,423734.9321,2725
1.63486E+12,10/22/2021,ALPACABUSD,0.9119,0.945,0.891,0.8968,979042.5,899845.8513,4863
1.63477E+12,10/21/2021,ALPACABUSD,0.932,0.9338,0.894,0.9135,1293201.4,1180270.557,4776
1.63469E+12,10/20/2021,ALPACABUSD,0.9475,0.9477,0.903,0.9309,1559180.9,1438084.875,5644
1.6346E+12,10/19/2021,ALPACABUSD,0.957,0.9679,0.9267,0.9475,1314646.4,1242622.869,5210
1.63452E+12,10/18/2021,ALPACABUSD,0.9454,1.0397,0.9215,0.957,4856699.4,4780836.172,16276
1.63443E+12,10/17/2021,ALPACABUSD,0.9394,1.06,0.9255,0.9455,3014551.5,2966941.179,11071
1.63434E+12,10/16/2021,ALPACABUSD,0.953,0.9783,0.9335,0.9384,806883.3,767186.3996,4653
1.63426E+12,10/15/2021,ALPACABUSD,0.9208,1.0079,0.9035,0.9533,2609548.2,2468839.854,10446
1.63417E+12,10/14/2021,ALPACABUSD,0.9341,0.978,0.9096,0.9197,2582734.8,2429535.271,10809
1.63408E+12,10/13/2021,ALPACABUSD,0.9893,1.0453,0.901,0.9327,5776041.2,5549868.657,24421
1.634E+12,10/12/2021,ALPACABUSD,0.8553,1.082,0.8269,0.9879,19243676.4,18672091.98,79918
1.63391E+12,10/11/2021,ALPACABUSD,0.8294,0.8717,0.8153,0.855,1508059.5,1266206.903,6344
1.63382E+12,10/10/2021,ALPACABUSD,0.8693,0.8737,0.828,0.8312,1476685.7,1262943.163,4860
1.63374E+12,10/9/2021,ALPACABUSD,0.8773,0.8997,0.8574,0.8668,1092667.2,952778.5473,3833
1.63365E+12,10/8/2021,ALPACABUSD,0.9071,0.9152,0.8741,0.8756,1784042.7,1593730.353,6526
1.63356E+12,10/7/2021,ALPACABUSD,0.8514,0.9488,0.8455,0.9076,2037810.8,1809376.624,8446
1.63348E+12,10/6/2021,ALPACABUSD,0.8658,0.8781,0.83,0.8514,1356995.9,1159005.866,5983
1.63339E+12,10/5/2021,ALPACABUSD,0.8461,0.8832,0.835,0.8681,2649765.5,2264582.707,7156
1.63331E+12,10/4/2021,ALPACABUSD,0.8864,0.8904,0.8244,0.8444,2533394.3,2150321.523,8130
1.63322E+12,10/3/2021,ALPACABUSD,0.8958,0.9033,0.8758,0.886,1118090.1,996298.1641,4116
1.63313E+12,10/2/2021,ALPACABUSD,0.9053,0.9179,0.8793,0.8964,1733271.9,1554068.705,4887
1.63305E+12,10/1/2021,ALPACABUSD,0.8488,0.9138,0.826,0.9055,3366935.6,2945167.497,9856
1.63296E+12,9/30/2021,ALPACABUSD,0.8423,0.95,0.8327,0.8487,4259510.7,3759790.202,12618
1.63287E+12,9/29/2021,ALPACABUSD,0.87,0.9143,0.835,0.844,2289898.7,1999542.79,7839
1.63279E+12,9/28/2021,ALPACABUSD,0.8353,0.9228,0.8248,0.87,4629647.6,4013733.328,14083
1.6327E+12,9/27/2021,ALPACABUSD,0.8645,0.9188,0.8204,0.8342,2391611.6,2104345.514,6525
1.63261E+12,9/26/2021,ALPACABUSD,0.9082,0.9087,0.8,0.8649,2754562.5,2384787.385,8633
1.63253E+12,9/25/2021,ALPACABUSD,0.9546,0.9547,0.9003,0.9108,1305034.1,1209013.393,4115
1.63244E+12,9/24/2021,ALPACABUSD,1.0499,1.05,0.9,0.9535,2683470.1,2577625.476,8412
1.63236E+12,9/23/2021,ALPACABUSD,1.0884,1.0884,1.02,1.0461,1702118.6,1789418.678,7803
1.63227E+12,9/22/2021,ALPACABUSD,0.9839,1.0884,0.9772,1.0872,2165516.5,2240620.74,9952
1.63218E+12,9/21/2021,ALPACABUSD,1.0255,1.1383,0.9577,0.9839,10094411.1,10724933.56,49419
1.6321E+12,9/20/2021,ALPACABUSD,1.0629,1.2279,0.88,1.0261,10589962.9,11242345.5,45419
1.63201E+12,9/19/2021,ALPACABUSD,1.1305,1.1325,1.0502,1.0602,1529100.7,1673325.548,5579
1.63192E+12,9/18/2021,ALPACABUSD,1.0833,1.1762,1.0748,1.1334,1169582.5,1328859.765,6678
1.63184E+12,9/17/2021,ALPACABUSD,1.2168,1.2433,1.0637,1.0827,2062172.7,2304941.659,8678
1.63175E+12,9/16/2021,ALPACABUSD,1.1277,1.3,1.1125,1.2167,2178552.7,2623371.761,11653
1.63166E+12,9/15/2021,ALPACABUSD,1.1509,1.1685,1.118,1.1265,1137296.9,1294458.915,6411
1.63158E+12,9/14/2021,ALPACABUSD,1.0166,1.2059,1.0138,1.1499,3928472.3,4334955.312,17504
1.63149E+12,9/13/2021,ALPACABUSD,1.1247,1.1372,0.9821,1.0173,3250222.4,3368297.671,15190
1.6314E+12,9/12/2021,ALPACABUSD,1.0507,1.293,1.0246,1.1269,19151932.9,22446249.71,83158
1.63132E+12,9/11/2021,ALPACABUSD,0.9277,1.0528,0.9195,1.0507,1556599.7,1520553.102,6733
1.63123E+12,9/10/2021,ALPACABUSD,1.032,1.0666,0.9097,0.9296,1212870.1,1197874.443,6154
1.63115E+12,9/9/2021,ALPACABUSD,0.9926,1.0706,0.9689,1.0361,1547755.8,1583011.384,7207
1.63106E+12,9/8/2021,ALPACABUSD,1.0555,1.0603,0.8891,0.9915,2443719.8,2392318.97,9729
1.63097E+12,9/7/2021,ALPACABUSD,1.2909,1.35,0.8641,1.0548,4323461,5023571.507,17215
1.63089E+12,9/6/2021,ALPACABUSD,1.1888,1.3004,1.1834,1.2926,3040471.4,3792519.844,15885
1.6308E+12,9/5/2021,ALPACABUSD,1.1773,1.1965,1.143,1.1875,1167063.7,1359527.458,7115
1.63071E+12,9/4/2021,ALPACABUSD,1.2144,1.2182,1.1635,1.1779,1132355.1,1341743.581,6518
1.63063E+12,9/3/2021,ALPACABUSD,1.2128,1.2281,1.18,1.2182,969316.4,1170384.127,5070
1.63054E+12,9/2/2021,ALPACABUSD,1.261,1.2848,1.1902,1.2128,1313221.2,1611103.713,6929
1.63045E+12,9/1/2021,ALPACABUSD,1.2102,1.2677,1.17,1.261,1670087.5,2023705.993,8362
1.63037E+12,8/31/2021,ALPACABUSD,1.2078,1.284,1.2002,1.2134,1281410,1576775.31,7181
1.63028E+12,8/30/2021,ALPACABUSD,1.3656,1.3656,1.2033,1.2124,1959294.7,2501467.688,10120
1.6302E+12,8/29/2021,ALPACABUSD,1.2359,1.4417,1.2085,1.3657,4596014.9,6114896.077,25492
1.63011E+12,8/28/2021,ALPACABUSD,1.2971,1.3,1.2,1.2333,1546250.4,1917431.497,9988
1.63002E+12,8/27/2021,ALPACABUSD,1.2369,1.2972,1.1608,1.2972,1335805.7,1631415.634,8196
1.62994E+12,8/26/2021,ALPACABUSD,1.3692,1.3761,1.2232,1.2369,1516507.9,1926437.249,7576
1.62985E+12,8/25/2021,ALPACABUSD,1.281,1.4,1.2134,1.3692,1767776.9,2293830.627,10166
1.62976E+12,8/24/2021,ALPACABUSD,1.3992,1.4067,1.2561,1.2784,1460004.1,1924909.515,7163
1.62968E+12,8/23/2021,ALPACABUSD,1.3514,1.4477,1.3455,1.3941,1419290.3,1976590.628,9072
1.62959E+12,8/22/2021,ALPACABUSD,1.4127,1.4648,1.3105,1.3512,1855379.7,2563386.239,11786
1.6295E+12,8/21/2021,ALPACABUSD,1.4436,1.62,1.3917,1.413,3738300.7,5632364.252,25063
1.62942E+12,8/20/2021,ALPACABUSD,1.3904,1.5004,1.3827,1.4412,3667725.8,5282778.515,20536
1.62933E+12,8/19/2021,ALPACABUSD,1.3961,1.446,1.3,1.3905,4617753.8,6246656.093,25839
1.62924E+12,8/18/2021,ALPACABUSD,1.4005,1.6,1.2576,1.3964,22565994.9,32240052.56,106391
1.62916E+12,8/17/2021,ALPACABUSD,1.1302,1.79,1.0983,1.3959,26754366.6,40005345.53,121458
1.62907E+12,8/16/2021,ALPACABUSD,1.1164,1.2068,1.1,1.1331,2121017.7,2430062.418,11849
1.62899E+12,8/15/2021,ALPACABUSD,1.0902,1.1581,1.073,1.1153,1813375.8,2009479.994,8856
1.6289E+12,8/14/2021,ALPACABUSD,1.1051,1.1175,1.025,1.0874,2049835.5,2209430.734,9481
1.62881E+12,8/13/2021,ALPACABUSD,1.1274,1.1673,1.025,1.1058,2503017.7,2774097.887,10321
1.62873E+12,8/12/2021,ALPACABUSD,1.2516,1.2586,1.0101,1.1273,6923008.4,7720007.366,28381
1.62864E+12,8/11/2021,ALPACABUSD,0.9621,1.68,0.9621,1.2514,15949401,21201404.36,63349
