Unix,Date,Symbol,Open,High,Low,Close,Volume ACM,Volume BTC,tradecount
1.68083E+12,4/7/2023,ACMBTC,9.15E-05,9.15E-05,9.04E-05,9.05E-05,1729.9,0.15684557,637
1.68074E+12,4/6/2023,ACMBTC,9.13E-05,9.25E-05,8.99E-05,9.13E-05,11790.8,1.07296231,2301
1.68065E+12,4/5/2023,ACMBTC,8.94E-05,9.18E-05,8.83E-05,9.15E-05,14445,1.29551385,796
1.68057E+12,4/4/2023,ACMBTC,9.00E-05,9.10E-05,8.93E-05,9.00E-05,6821.7,0.61387148,357
1.68048E+12,4/3/2023,ACMBTC,8.96E-05,9.21E-05,8.81E-05,9.00E-05,44636.1,4.02594574,741
1.68039E+12,4/2/2023,ACMBTC,8.88E-05,9.11E-05,8.80E-05,8.92E-05,28350.6,2.53637498,611
1.68031E+12,4/1/2023,ACMBTC,8.86E-05,8.96E-05,8.76E-05,8.82E-05,7700.1,0.68207543,373
1.68022E+12,3/31/2023,ACMBTC,9.08E-05,9.09E-05,8.78E-05,8.84E-05,16106.9,1.44068526,503
1.68013E+12,3/30/2023,ACMBTC,8.66E-05,9.33E-05,8.46E-05,9.07E-05,59394,5.31857863,1677
1.68005E+12,3/29/2023,ACMBTC,8.83E-05,8.85E-05,8.51E-05,8.66E-05,7822.3,0.67736839,345
1.67996E+12,3/28/2023,ACMBTC,8.74E-05,8.96E-05,8.72E-05,8.82E-05,9093.7,0.80597828,326
1.67988E+12,3/27/2023,ACMBTC,8.67E-05,8.89E-05,8.62E-05,8.72E-05,7197.6,0.62884222,435
1.67979E+12,3/26/2023,ACMBTC,8.80E-05,8.86E-05,8.64E-05,8.67E-05,8230,0.71959987,987
1.6797E+12,3/25/2023,ACMBTC,9.06E-05,9.08E-05,8.58E-05,8.82E-05,29956.5,2.65570135,591
1.67962E+12,3/24/2023,ACMBTC,8.64E-05,9.11E-05,8.45E-05,8.96E-05,14061.2,1.24668921,640
1.67953E+12,3/23/2023,ACMBTC,8.71E-05,8.89E-05,8.57E-05,8.61E-05,4158.2,0.36305957,304
1.67944E+12,3/22/2023,ACMBTC,8.76E-05,8.79E-05,8.33E-05,8.72E-05,12051.7,1.03512711,616
1.67936E+12,3/21/2023,ACMBTC,8.89E-05,8.92E-05,8.68E-05,8.70E-05,14961.1,1.31041999,295
1.67927E+12,3/20/2023,ACMBTC,9.09E-05,9.25E-05,8.79E-05,8.93E-05,11791.4,1.06120671,578
1.67918E+12,3/19/2023,ACMBTC,9.38E-05,9.57E-05,9.01E-05,9.01E-05,4962,0.46055458,379
1.6791E+12,3/18/2023,ACMBTC,9.44E-05,9.58E-05,9.29E-05,9.47E-05,6814.9,0.64364878,460
1.67901E+12,3/17/2023,ACMBTC,9.98E-05,9.98E-05,9.22E-05,9.42E-05,21813.1,2.10611945,629
1.67892E+12,3/16/2023,ACMBTC,0.0001022,0.0001023,9.94E-05,9.96E-05,3122.7,0.31406373,173
1.67884E+12,3/15/2023,ACMBTC,0.0001028,0.0001041,0.0001001,0.000102,23804.5,2.44729346,702
1.67875E+12,3/14/2023,ACMBTC,0.0001032,0.0001038,9.66E-05,0.0001024,23792.9,2.38930272,909
1.67867E+12,3/13/2023,ACMBTC,0.0001135,0.0001146,0.000102,0.0001025,18601.4,2.01047602,930
1.67858E+12,3/12/2023,ACMBTC,0.0001187,0.000119,0.0001127,0.0001136,14460.6,1.67582037,615
1.67849E+12,3/11/2023,ACMBTC,0.000121,0.000122,0.0001173,0.0001188,11256.2,1.33680667,757
1.67841E+12,3/10/2023,ACMBTC,0.0001188,0.0001228,0.0001171,0.0001211,14257.5,1.71102269,898
1.67832E+12,3/9/2023,ACMBTC,0.000118,0.0001206,0.0001157,0.0001188,33078.9,3.89552578,1086
1.67823E+12,3/8/2023,ACMBTC,0.0001167,0.0001229,0.0001154,0.0001176,25475.3,3.009318,2471
1.67815E+12,3/7/2023,ACMBTC,0.0001158,0.0001179,0.000114,0.0001167,9148.2,1.06133426,1672
1.67806E+12,3/6/2023,ACMBTC,0.0001147,0.0001162,0.0001133,0.0001157,5380.3,0.61610989,1285
1.67797E+12,3/5/2023,ACMBTC,0.0001151,0.0001187,0.0001144,0.0001145,5568.1,0.64623932,1173
1.67789E+12,3/4/2023,ACMBTC,0.0001176,0.0001193,0.0001147,0.0001151,5482.4,0.64535835,1474
1.6778E+12,3/3/2023,ACMBTC,0.0001176,0.0001181,0.0001125,0.0001176,24062,2.76118159,6133
1.67772E+12,3/2/2023,ACMBTC,0.0001177,0.0001181,0.0001166,0.0001173,8415.5,0.98789268,3244
1.67763E+12,3/1/2023,ACMBTC,0.0001184,0.0001192,0.0001171,0.000118,17334.2,2.04456063,6598
1.67754E+12,2/28/2023,ACMBTC,0.0001197,0.00012,0.0001178,0.0001178,4792.2,0.57011782,301
1.67746E+12,2/27/2023,ACMBTC,0.0001201,0.0001209,0.0001179,0.0001196,8702.3,1.04199827,493
1.67737E+12,2/26/2023,ACMBTC,0.0001216,0.0001219,0.0001195,0.0001199,23769.3,2.86307292,493
1.67728E+12,2/25/2023,ACMBTC,0.0001225,0.000132,0.0001198,0.0001215,98083.5,12.18242771,2129
1.6772E+12,2/24/2023,ACMBTC,0.0001203,0.0001249,0.0001189,0.0001223,35509.5,4.32736148,1305
1.67711E+12,2/23/2023,ACMBTC,0.0001202,0.0001211,0.0001186,0.0001199,14170.8,1.6979045,997
1.67702E+12,2/22/2023,ACMBTC,0.0001191,0.0001225,0.000118,0.0001204,14143.1,1.71047453,1011
1.67694E+12,2/21/2023,ACMBTC,0.0001186,0.0001214,0.0001178,0.0001192,21758.2,2.59099727,850
1.67685E+12,2/20/2023,ACMBTC,0.0001225,0.000124,0.0001177,0.0001186,43968.7,5.25821753,1209
1.67676E+12,2/19/2023,ACMBTC,0.0001203,0.0001232,0.0001187,0.0001225,18277,2.20689857,996
1.67668E+12,2/18/2023,ACMBTC,0.0001215,0.000122,0.00012,0.0001204,8331.4,1.00884657,416
1.67659E+12,2/17/2023,ACMBTC,0.0001227,0.0001252,0.0001193,0.0001215,22838.4,2.82170311,1200
1.67651E+12,2/16/2023,ACMBTC,0.0001258,0.0001258,0.0001183,0.0001224,57402,7.06235082,1432
1.67642E+12,2/15/2023,ACMBTC,0.0001368,0.0001369,0.0001245,0.0001254,58119.1,7.65877249,3099
1.67633E+12,2/14/2023,ACMBTC,0.0001355,0.0001421,0.0001346,0.0001367,36441.4,4.98879849,5228
1.67625E+12,2/13/2023,ACMBTC,0.0001381,0.0001418,0.0001327,0.0001351,17188.1,2.34898874,1106
1.67616E+12,2/12/2023,ACMBTC,0.0001408,0.0001458,0.0001359,0.0001376,20151.6,2.83602829,1816
1.67607E+12,2/11/2023,ACMBTC,0.000134,0.0001482,0.0001336,0.0001409,130560.6,18.50551436,5408
1.67599E+12,2/10/2023,ACMBTC,0.0001302,0.0001413,0.000129,0.0001331,58632.5,7.88083803,3084
1.6759E+12,2/9/2023,ACMBTC,0.0001324,0.0001442,0.000127,0.0001296,92391.8,12.3273462,5256
1.67581E+12,2/8/2023,ACMBTC,0.0001252,0.0001399,0.0001225,0.0001327,97490.6,12.87231076,2726
1.67573E+12,2/7/2023,ACMBTC,0.0001217,0.0001269,0.000121,0.0001252,80678.3,10.06746888,4440
1.67564E+12,2/6/2023,ACMBTC,0.0001192,0.0001241,0.0001189,0.0001217,16831.7,2.05324464,1246
1.67556E+12,2/5/2023,ACMBTC,0.0001206,0.0001209,0.0001178,0.000119,8466.8,1.01189347,2454
1.67547E+12,2/4/2023,ACMBTC,0.0001208,0.0001219,0.0001201,0.0001207,9632.1,1.16505117,4422
1.67538E+12,2/3/2023,ACMBTC,0.0001169,0.0001214,0.0001166,0.0001205,12188.4,1.45568924,1139
1.6753E+12,2/2/2023,ACMBTC,0.0001159,0.0001177,0.0001143,0.0001172,30631.8,3.57337209,5009
1.67521E+12,2/1/2023,ACMBTC,0.0001174,0.000118,0.0001144,0.0001158,19893.1,2.30966982,1897
1.67512E+12,1/31/2023,ACMBTC,0.0001178,0.0001203,0.0001171,0.0001173,8697.8,1.03094854,2289
1.67504E+12,1/30/2023,ACMBTC,0.0001198,0.0001217,0.0001174,0.0001178,27836.2,3.3098259,2764
1.67495E+12,1/29/2023,ACMBTC,0.0001241,0.000125,0.0001188,0.0001198,23862.1,2.87966657,2901
1.67486E+12,1/28/2023,ACMBTC,0.0001229,0.0001254,0.0001227,0.000124,7674.4,0.95035346,581
1.67478E+12,1/27/2023,ACMBTC,0.0001233,0.0001251,0.0001217,0.0001229,13544.8,1.66827221,2679
1.67469E+12,1/26/2023,ACMBTC,0.0001237,0.0001246,0.0001226,0.0001232,20058.1,2.47815376,6098
1.6746E+12,1/25/2023,ACMBTC,0.0001232,0.0001287,0.0001209,0.0001232,26269.2,3.24847251,5480
1.67452E+12,1/24/2023,ACMBTC,0.0001293,0.0001305,0.0001221,0.0001233,24355,3.08344991,4008
1.67443E+12,1/23/2023,ACMBTC,0.0001298,0.0001317,0.000128,0.0001292,29376.4,3.80078382,3994
1.67435E+12,1/22/2023,ACMBTC,0.0001271,0.0001324,0.0001268,0.0001297,17496.8,2.26511835,1096
1.67426E+12,1/21/2023,ACMBTC,0.00013,0.0001328,0.0001261,0.0001276,16813.8,2.16363776,918
1.67417E+12,1/20/2023,ACMBTC,0.0001334,0.0001427,0.00013,0.00013,36420.8,4.97788844,2518
1.67409E+12,1/19/2023,ACMBTC,0.0001304,0.0001385,0.00013,0.0001336,8455.5,1.12923233,751
1.674E+12,1/18/2023,ACMBTC,0.0001392,0.0001408,0.0001304,0.0001304,53200.7,7.30182287,1499
1.67391E+12,1/17/2023,ACMBTC,0.00014,0.0001442,0.000139,0.0001394,35999,5.07517389,1826
1.67383E+12,1/16/2023,ACMBTC,0.000147,0.0001655,0.00014,0.00014,127638.4,19.32909516,5511
1.67374E+12,1/15/2023,ACMBTC,0.0001353,0.0001576,0.0001343,0.0001469,140030.8,19.96693578,4560
1.67365E+12,1/14/2023,ACMBTC,0.0001309,0.0001534,0.000125,0.0001351,288396.4,40.71729482,8797
1.67357E+12,1/13/2023,ACMBTC,0.0001358,0.0001408,0.0001306,0.0001306,15024.4,2.02732021,1164
1.67348E+12,1/12/2023,ACMBTC,0.0001436,0.0001436,0.0001347,0.0001358,14571.9,2.03212523,847
1.6734E+12,1/11/2023,ACMBTC,0.0001469,0.0001477,0.0001433,0.0001436,21630.5,3.14649915,1031
1.67331E+12,1/10/2023,ACMBTC,0.0001467,0.0001498,0.0001459,0.0001469,30847.2,4.54770545,1573
1.67322E+12,1/9/2023,ACMBTC,0.0001471,0.0001494,0.0001458,0.0001467,19387.8,2.8577016,1383
1.67314E+12,1/8/2023,ACMBTC,0.0001502,0.0001525,0.0001471,0.0001476,8103.9,1.20960225,501
1.67305E+12,1/7/2023,ACMBTC,0.0001504,0.0001529,0.000149,0.0001502,6632.1,1.00051198,575
1.67296E+12,1/6/2023,ACMBTC,0.000155,0.0001577,0.0001475,0.0001502,43618.7,6.58674896,1730
1.67288E+12,1/5/2023,ACMBTC,0.0001447,0.000175,0.0001411,0.0001554,306373.7,47.65905896,15891
1.67279E+12,1/4/2023,ACMBTC,0.0001435,0.0001451,0.0001416,0.0001444,4168.9,0.59863376,213
1.6727E+12,1/3/2023,ACMBTC,0.0001411,0.0001446,0.0001405,0.0001435,6270.8,0.89027934,257
1.67262E+12,1/2/2023,ACMBTC,0.0001399,0.0001414,0.0001389,0.0001408,3523.9,0.49383843,286
1.67253E+12,1/1/2023,ACMBTC,0.0001393,0.0001406,0.0001383,0.0001398,2645,0.36888428,214
1.67244E+12,12/31/2022,ACMBTC,0.0001385,0.0001399,0.0001373,0.0001388,1505.3,0.20893692,172
1.67236E+12,12/30/2022,ACMBTC,0.0001379,0.0001403,0.0001373,0.000138,1853.4,0.25680951,246
1.67227E+12,12/29/2022,ACMBTC,0.0001382,0.0001414,0.0001369,0.0001383,5468.9,0.75905039,444
1.67219E+12,12/28/2022,ACMBTC,0.0001405,0.0001406,0.0001374,0.0001382,3999.9,0.55565689,343
1.6721E+12,12/27/2022,ACMBTC,0.0001389,0.0001409,0.000138,0.00014,9637.7,1.34064906,357
1.67201E+12,12/26/2022,ACMBTC,0.000139,0.0001394,0.0001385,0.0001389,3923.3,0.54510801,174
1.67193E+12,12/25/2022,ACMBTC,0.0001403,0.0001417,0.0001389,0.000139,11724.6,1.64438765,554
1.67184E+12,12/24/2022,ACMBTC,0.0001397,0.0001506,0.0001392,0.0001407,17446.8,2.53085582,1443
1.67175E+12,12/23/2022,ACMBTC,0.0001376,0.0001413,0.0001365,0.0001396,4321.6,0.59926891,486
1.67167E+12,12/22/2022,ACMBTC,0.0001373,0.0001388,0.000136,0.0001371,3035.7,0.41651056,302
1.67158E+12,12/21/2022,ACMBTC,0.0001372,0.0001381,0.0001347,0.0001379,3758.4,0.5126374,377
1.67149E+12,12/20/2022,ACMBTC,0.0001358,0.0001381,0.000135,0.0001372,3261.6,0.44565064,335
1.67141E+12,12/19/2022,ACMBTC,0.000139,0.000141,0.0001353,0.0001358,21182.1,2.93601562,828
1.67132E+12,12/18/2022,ACMBTC,0.0001395,0.0001454,0.0001359,0.000139,37995.4,5.29667675,1574
1.67124E+12,12/17/2022,ACMBTC,0.0001363,0.0001435,0.0001329,0.0001389,19233.9,2.67231675,1117
1.67115E+12,12/16/2022,ACMBTC,0.0001404,0.0001433,0.0001362,0.0001363,20478.1,2.86560125,1102
1.67106E+12,12/15/2022,ACMBTC,0.000142,0.0001468,0.0001394,0.0001406,26409.1,3.78644987,1872
1.67098E+12,12/14/2022,ACMBTC,0.0001376,0.0001426,0.0001326,0.0001426,14469.3,1.98036595,3329
1.67089E+12,12/13/2022,ACMBTC,0.0001426,0.0001437,0.0001346,0.0001376,16947.7,2.32451251,5587
1.6708E+12,12/12/2022,ACMBTC,0.0001464,0.0001469,0.0001412,0.0001427,8764.7,1.2597291,513
1.67072E+12,12/11/2022,ACMBTC,0.0001502,0.0001515,0.0001461,0.0001468,2912,0.43545659,316
1.67063E+12,12/10/2022,ACMBTC,0.0001508,0.0001527,0.0001483,0.0001504,5797.1,0.87880461,469
1.67054E+12,12/9/2022,ACMBTC,0.0001493,0.0001521,0.0001484,0.0001512,3205.4,0.48111217,1100
1.67046E+12,12/8/2022,ACMBTC,0.0001526,0.0001526,0.0001482,0.0001493,3515.6,0.52737081,1709
1.67037E+12,12/7/2022,ACMBTC,0.0001536,0.0001539,0.0001502,0.0001522,5895.7,0.90027321,1249
1.67028E+12,12/6/2022,ACMBTC,0.0001547,0.0001548,0.0001522,0.0001538,6598.1,1.01475396,820
1.6702E+12,12/5/2022,ACMBTC,0.0001538,0.0001561,0.0001519,0.0001549,6541.4,1.00839603,802
1.67011E+12,12/4/2022,ACMBTC,0.0001552,0.0001569,0.00015,0.0001537,27385.6,4.22736861,2266
1.67003E+12,12/3/2022,ACMBTC,0.0001575,0.0001593,0.0001545,0.0001557,8920.9,1.39794193,767
1.66994E+12,12/2/2022,ACMBTC,0.0001558,0.0001617,0.0001538,0.0001577,18378.6,2.88501567,3021
1.66985E+12,12/1/2022,ACMBTC,0.0001538,0.000159,0.0001525,0.000156,8621.9,1.33596134,873
1.66977E+12,11/30/2022,ACMBTC,0.0001607,0.0001609,0.0001497,0.0001541,32687.9,5.06036121,1685
1.66968E+12,11/29/2022,ACMBTC,0.0001541,0.000166,0.0001541,0.0001604,34761.2,5.51400657,1834
1.66959E+12,11/28/2022,ACMBTC,0.0001528,0.0001549,0.0001489,0.000154,19611.9,2.9876811,1120
1.66951E+12,11/27/2022,ACMBTC,0.0001573,0.0001588,0.0001473,0.0001529,31530.6,4.8912237,1502
1.66942E+12,11/26/2022,ACMBTC,0.0001584,0.0001671,0.0001551,0.0001573,43790.1,6.96855246,3372
1.66933E+12,11/25/2022,ACMBTC,0.0001498,0.0001716,0.0001451,0.0001583,93291.3,14.91969222,7298
1.66925E+12,11/24/2022,ACMBTC,0.0001521,0.0001528,0.0001476,0.0001497,24202.3,3.63048128,1663
1.66916E+12,11/23/2022,ACMBTC,0.0001528,0.0001556,0.0001486,0.0001521,29858,4.54041746,4650
1.66908E+12,11/22/2022,ACMBTC,0.0001531,0.0001584,0.0001493,0.000153,26921.3,4.10233359,1338
1.66899E+12,11/21/2022,ACMBTC,0.0001554,0.0001582,0.0001493,0.0001525,16943.8,2.58370672,906
1.6689E+12,11/20/2022,ACMBTC,0.000168,0.0001744,0.0001538,0.0001559,39097.7,6.36559581,1858
1.66882E+12,11/19/2022,ACMBTC,0.0001811,0.0001818,0.0001657,0.0001667,22460.3,3.86916885,1282
1.66873E+12,11/18/2022,ACMBTC,0.000166,0.000194,0.0001635,0.0001815,53145.4,9.52187443,2435
1.66864E+12,11/17/2022,ACMBTC,0.0001625,0.0001727,0.000158,0.0001661,46806.6,7.73082441,2196
1.66856E+12,11/16/2022,ACMBTC,0.0001599,0.0001697,0.0001552,0.0001631,75704.6,12.28687627,3071
1.66847E+12,11/15/2022,ACMBTC,0.0001476,0.0001748,0.0001469,0.0001599,139979.8,21.95529319,3968
1.66838E+12,11/14/2022,ACMBTC,0.0001493,0.0001528,0.0001411,0.000147,84482.7,12.48521529,3326
1.6683E+12,11/13/2022,ACMBTC,0.0001431,0.0002121,0.0001392,0.0001481,173927.7,29.46614071,6603
1.66821E+12,11/12/2022,ACMBTC,0.0001486,0.0001532,0.0001364,0.0001422,68983.9,9.90220787,1371
1.66812E+12,11/11/2022,ACMBTC,0.0001486,0.0001528,0.0001424,0.0001487,93087.9,13.71188934,2033
1.66804E+12,11/10/2022,ACMBTC,0.0001397,0.0001523,0.0001379,0.0001487,49792.6,7.22336207,2157
1.66795E+12,11/9/2022,ACMBTC,0.0001542,0.0001549,0.0001342,0.0001404,63558.8,9.10472904,3032
1.66787E+12,11/8/2022,ACMBTC,0.0001605,0.0001634,0.000142,0.0001542,151576.4,23.39024953,6017
1.66778E+12,11/7/2022,ACMBTC,0.0001594,0.0001668,0.000155,0.000161,53607.1,8.59980903,3132
1.66769E+12,11/6/2022,ACMBTC,0.0001585,0.0001679,0.0001564,0.0001593,76448.6,12.46462087,4096
1.66761E+12,11/5/2022,ACMBTC,0.000156,0.0001658,0.0001511,0.000159,81406,12.97770263,4076
1.66752E+12,11/4/2022,ACMBTC,0.0001575,0.0001623,0.0001543,0.0001558,20753.6,3.27665747,2667
1.66743E+12,11/3/2022,ACMBTC,0.000159,0.0001629,0.0001566,0.000158,21042.8,3.34991344,1749
1.66735E+12,11/2/2022,ACMBTC,0.0001602,0.0001611,0.0001526,0.0001595,7864.3,1.23595271,1496
1.66726E+12,11/1/2022,ACMBTC,0.0001609,0.0001662,0.0001572,0.0001599,10954.8,1.76085338,1455
1.66717E+12,10/31/2022,ACMBTC,0.0001605,0.0001653,0.0001555,0.0001608,18993.6,3.04440785,2064
1.66709E+12,10/30/2022,ACMBTC,0.0001532,0.000169,0.0001524,0.0001605,22117.3,3.57066286,2990
1.667E+12,10/29/2022,ACMBTC,0.0001559,0.0001572,0.000151,0.0001532,23229.2,3.57591546,835
1.66692E+12,10/28/2022,ACMBTC,0.0001565,0.000157,0.0001507,0.0001564,8458.5,1.30706041,709
1.66683E+12,10/27/2022,ACMBTC,0.000158,0.000161,0.0001565,0.0001565,3807.3,0.60269914,742
1.66674E+12,10/26/2022,ACMBTC,0.0001583,0.0001663,0.0001556,0.0001579,20138,3.2562042,2466
1.66666E+12,10/25/2022,ACMBTC,0.0001586,0.000166,0.0001556,0.0001582,12890.5,2.08017122,1489
1.66657E+12,10/24/2022,ACMBTC,0.0001562,0.0001644,0.0001545,0.0001584,5789.7,0.9253824,999
1.66648E+12,10/23/2022,ACMBTC,0.0001568,0.00016,0.0001549,0.0001555,4763,0.74716274,783
1.6664E+12,10/22/2022,ACMBTC,0.0001589,0.0001627,0.0001549,0.0001568,5540.9,0.87909343,900
1.66631E+12,10/21/2022,ACMBTC,0.0001556,0.0001611,0.0001503,0.0001589,10055.6,1.56547555,1282
1.66622E+12,10/20/2022,ACMBTC,0.0001589,0.0001595,0.0001545,0.0001556,5563.8,0.874238,725
1.66614E+12,10/19/2022,ACMBTC,0.0001635,0.0001645,0.0001565,0.000159,7805.6,1.24069742,716
1.66605E+12,10/18/2022,ACMBTC,0.0001626,0.000166,0.0001612,0.0001635,9542.4,1.55837326,627
1.66596E+12,10/17/2022,ACMBTC,0.000164,0.0001683,0.0001608,0.0001625,11073.1,1.82344514,945
1.66588E+12,10/16/2022,ACMBTC,0.0001607,0.0001675,0.0001602,0.0001641,7606,1.24790023,958
1.66579E+12,10/15/2022,ACMBTC,0.0001595,0.0001628,0.0001576,0.0001607,12880.7,2.05951027,809
1.66571E+12,10/14/2022,ACMBTC,0.0001602,0.000164,0.0001584,0.00016,24448.9,3.96026501,1766
1.66562E+12,10/13/2022,ACMBTC,0.0001644,0.0001659,0.0001533,0.0001598,17584,2.8039264,1561
1.66553E+12,10/12/2022,ACMBTC,0.0001709,0.0001712,0.0001634,0.0001643,4903.9,0.81595516,450
1.66545E+12,10/11/2022,ACMBTC,0.0001739,0.000175,0.0001653,0.0001713,21942,3.72340875,2038
1.66536E+12,10/10/2022,ACMBTC,0.0001908,0.0001919,0.000173,0.0001739,13578.2,2.4541623,1423
1.66527E+12,10/9/2022,ACMBTC,0.0001904,0.0001923,0.0001898,0.0001902,3418.2,0.65322168,272
1.66519E+12,10/8/2022,ACMBTC,0.0001907,0.0001923,0.0001891,0.0001907,3232.9,0.6169279,333
1.6651E+12,10/7/2022,ACMBTC,0.0001878,0.0001921,0.0001848,0.0001895,7199.3,1.3567678,549
1.66501E+12,10/6/2022,ACMBTC,0.0001834,0.0001966,0.0001816,0.0001877,16959.4,3.19557842,1182
1.66493E+12,10/5/2022,ACMBTC,0.0001855,0.0001882,0.0001824,0.0001828,9923.5,1.83949046,705
1.66484E+12,10/4/2022,ACMBTC,0.0001923,0.000194,0.0001846,0.0001848,11751.6,2.2162552,935
1.66476E+12,10/3/2022,ACMBTC,0.0001911,0.0001948,0.0001889,0.0001915,8224.1,1.57389025,596
1.66467E+12,10/2/2022,ACMBTC,0.0002002,0.0002019,0.0001902,0.0001904,9164,1.79075869,634
1.66458E+12,10/1/2022,ACMBTC,0.0001999,0.0002052,0.0001997,0.0002007,2612.2,0.52727004,360
1.6645E+12,9/30/2022,ACMBTC,0.0001992,0.0002048,0.0001965,0.0001998,3464,0.6935679,515
1.66441E+12,9/29/2022,ACMBTC,0.0001993,0.000204,0.0001983,0.0001993,7806.6,1.57204088,646
1.66432E+12,9/28/2022,ACMBTC,0.0002063,0.00021,0.0001978,0.0001993,37528.6,7.75130673,1494
1.66424E+12,9/27/2022,ACMBTC,0.0002026,0.000206,0.0001906,0.000206,21369,4.24820705,3325
1.66415E+12,9/26/2022,ACMBTC,0.0002122,0.0002154,0.0001979,0.0002025,30147.7,6.15255679,2438
1.66406E+12,9/25/2022,ACMBTC,0.000207,0.0002191,0.0002061,0.0002128,22641.6,4.80738361,2036
1.66398E+12,9/24/2022,ACMBTC,0.0002192,0.0002196,0.000205,0.0002074,26696.8,5.63452001,1781
1.66389E+12,9/23/2022,ACMBTC,0.0001972,0.0002455,0.0001972,0.0002201,106539.2,23.32861516,7909
1.6638E+12,9/22/2022,ACMBTC,0.0001937,0.0002038,0.000185,0.0001965,16211.8,3.18052597,3166
1.66372E+12,9/21/2022,ACMBTC,0.0001922,0.0001943,0.0001854,0.0001943,10882.6,2.07441203,1070
1.66363E+12,9/20/2022,ACMBTC,0.0001919,0.0001958,0.000191,0.0001925,3491.6,0.67344351,602
1.66355E+12,9/19/2022,ACMBTC,0.0001912,0.0002042,0.0001897,0.0001913,18588.1,3.6243651,1850
1.66346E+12,9/18/2022,ACMBTC,0.0001983,0.0002045,0.0001891,0.0001906,12526.5,2.47203159,1141
1.66337E+12,9/17/2022,ACMBTC,0.0001954,0.0001996,0.0001937,0.0001981,8768.3,1.72870674,780
1.66329E+12,9/16/2022,ACMBTC,0.0001897,0.0002014,0.0001869,0.000195,16311,3.19477041,2665
1.6632E+12,9/15/2022,ACMBTC,0.0001946,0.0001953,0.0001833,0.0001901,27526.4,5.19359029,2320
1.66311E+12,9/14/2022,ACMBTC,0.0002023,0.0002046,0.0001896,0.0001946,14412.1,2.83512541,924
1.66303E+12,9/13/2022,ACMBTC,0.0001889,0.0002057,0.0001837,0.0002025,27684.1,5.38648588,1544
1.66294E+12,9/12/2022,ACMBTC,0.000202,0.0002056,0.0001868,0.0001896,18113.3,3.52162623,814
1.66285E+12,9/11/2022,ACMBTC,0.0001984,0.0002117,0.0001972,0.0002029,12616.6,2.57397756,1278
1.66277E+12,9/10/2022,ACMBTC,0.0001974,0.0002025,0.0001936,0.0001984,34889.7,6.93101013,1080
1.66268E+12,9/9/2022,ACMBTC,0.0002101,0.0002155,0.0001953,0.0001982,35226.4,7.14338425,2513
1.6626E+12,9/8/2022,ACMBTC,0.000212,0.0002158,0.0002087,0.0002097,10742.5,2.26605059,3101
1.66251E+12,9/7/2022,ACMBTC,0.0002111,0.0002207,0.0002101,0.0002122,25729,5.5355521,4228
1.66242E+12,9/6/2022,ACMBTC,0.000218,0.0002231,0.0002097,0.000211,19967.1,4.28093275,1461
1.66234E+12,9/5/2022,ACMBTC,0.000221,0.0002253,0.0002144,0.0002184,16130.1,3.55124576,2435
1.66225E+12,9/4/2022,ACMBTC,0.0002263,0.0002302,0.0002201,0.0002206,7324.2,1.64127969,760
1.66216E+12,9/3/2022,ACMBTC,0.0002214,0.0002373,0.0002175,0.0002263,44758,10.14732567,4927
1.66208E+12,9/2/2022,ACMBTC,0.000215,0.0002256,0.0002121,0.0002217,30086.4,6.56511317,3839
1.66199E+12,9/1/2022,ACMBTC,0.0002171,0.0002296,0.0002119,0.0002147,29139.2,6.33769329,4720
1.6619E+12,8/31/2022,ACMBTC,0.000208,0.0002271,0.0002011,0.0002157,70292.4,15.33895499,3459
1.66182E+12,8/30/2022,ACMBTC,0.000206,0.0002149,0.0001985,0.0002082,35872.1,7.42699766,1764
1.66173E+12,8/29/2022,ACMBTC,0.000205,0.0002096,0.0002001,0.000206,15803.7,3.24057018,724
1.66164E+12,8/28/2022,ACMBTC,0.0002101,0.000228,0.0002037,0.0002047,50016,10.82523589,2158
1.66156E+12,8/27/2022,ACMBTC,0.0002037,0.0002122,0.0001939,0.0002101,31853.4,6.44042758,2643
1.66147E+12,8/26/2022,ACMBTC,0.0002181,0.0002181,0.0002009,0.0002037,23859.9,4.99920384,2387
1.66139E+12,8/25/2022,ACMBTC,0.0002287,0.0002332,0.0002166,0.0002172,19903.3,4.43703286,1775
1.6613E+12,8/24/2022,ACMBTC,0.0002418,0.000245,0.0002238,0.000229,28475.9,6.63573969,1577
1.66121E+12,8/23/2022,ACMBTC,0.0002337,0.0002475,0.0002271,0.0002427,35087.4,8.33630081,2409
1.66113E+12,8/22/2022,ACMBTC,0.0002089,0.0002428,0.0002085,0.0002325,92005.4,20.70803262,3782
1.66104E+12,8/21/2022,ACMBTC,0.0002121,0.0002301,0.0002068,0.0002089,85280.6,18.63497751,3831
1.66095E+12,8/20/2022,ACMBTC,0.0002251,0.0002427,0.0002052,0.0002119,79295,17.20871379,5041
1.66087E+12,8/19/2022,ACMBTC,0.0002003,0.0002434,0.0001934,0.0002256,126022,27.52907614,8661
1.66078E+12,8/18/2022,ACMBTC,0.000177,0.0002495,0.0001746,0.0002002,256770.5,53.76310947,13046
1.66069E+12,8/17/2022,ACMBTC,0.0001751,0.000181,0.0001715,0.000177,15013.2,2.65241939,1228
1.66061E+12,8/16/2022,ACMBTC,0.0001715,0.0001771,0.000169,0.0001751,27181.5,4.70139973,1007
1.66052E+12,8/15/2022,ACMBTC,0.0001706,0.00018,0.0001647,0.0001704,42319.7,7.33206198,2155
1.66044E+12,8/14/2022,ACMBTC,0.0001674,0.0001745,0.0001641,0.0001711,125047.2,20.88982601,1976
1.66035E+12,8/13/2022,ACMBTC,0.0001709,0.0001717,0.000165,0.0001673,7370.4,1.23468943,904
1.66026E+12,8/12/2022,ACMBTC,0.000169,0.0001746,0.0001653,0.00017,12236.5,2.08608688,1703
1.66018E+12,8/11/2022,ACMBTC,0.0001697,0.0001697,0.0001622,0.000168,7927.7,1.31480276,725
1.66009E+12,8/10/2022,ACMBTC,0.0001703,0.0001749,0.0001673,0.0001692,8607.9,1.46763733,624
1.66E+12,8/9/2022,ACMBTC,0.0001706,0.0001722,0.0001653,0.0001693,8380.6,1.41289382,660
1.65992E+12,8/8/2022,ACMBTC,0.0001744,0.0001785,0.0001694,0.0001699,39176.1,6.73677271,1301
1.65983E+12,8/7/2022,ACMBTC,0.0001731,0.0001866,0.0001723,0.000175,29412.2,5.29354954,2224
1.65974E+12,8/6/2022,ACMBTC,0.0001702,0.0001773,0.0001685,0.0001737,8499.4,1.46739561,675
1.65966E+12,8/5/2022,ACMBTC,0.0001701,0.000176,0.000166,0.0001701,8596.9,1.46562952,723
1.65957E+12,8/4/2022,ACMBTC,0.0001744,0.0001759,0.0001666,0.0001701,13694.9,2.34848539,1125
1.65948E+12,8/3/2022,ACMBTC,0.0001733,0.0001849,0.0001672,0.0001741,23380.1,4.03539508,1378
1.6594E+12,8/2/2022,ACMBTC,0.000169,0.0001833,0.0001667,0.0001738,79719,13.71134862,3834
1.65931E+12,8/1/2022,ACMBTC,0.0001593,0.0001745,0.0001563,0.0001684,41945.9,7.01346627,2626
1.65923E+12,7/31/2022,ACMBTC,0.000156,0.000164,0.0001549,0.0001593,39147.9,6.26072036,1466
1.65914E+12,7/30/2022,ACMBTC,0.0001601,0.0001712,0.0001537,0.000156,53354.9,8.64565661,2794
1.65905E+12,7/29/2022,ACMBTC,0.0001464,0.0001674,0.0001438,0.0001598,74650,11.62732266,6164
1.65897E+12,7/28/2022,ACMBTC,0.0001488,0.000154,0.0001441,0.0001465,47480.5,7.0745914,1906
1.65888E+12,7/27/2022,ACMBTC,0.0001538,0.0001679,0.0001461,0.0001488,53780,8.48555002,1860
1.65879E+12,7/26/2022,ACMBTC,0.0001515,0.0001615,0.0001481,0.0001534,32081.1,4.95386878,1933
1.65871E+12,7/25/2022,ACMBTC,0.0001446,0.000155,0.0001442,0.0001514,48305.8,7.25429222,2482
1.65862E+12,7/24/2022,ACMBTC,0.0001441,0.0001513,0.000142,0.0001444,25447.7,3.70927597,1795
1.65853E+12,7/23/2022,ACMBTC,0.0001441,0.000147,0.0001426,0.0001438,20708.4,2.99706554,951
1.65845E+12,7/22/2022,ACMBTC,0.0001445,0.0001487,0.0001413,0.0001442,44970.4,6.50809777,2080
1.65836E+12,7/21/2022,ACMBTC,0.0001376,0.0001667,0.0001359,0.0001437,169194.7,25.73462593,4521
1.65828E+12,7/20/2022,ACMBTC,0.0001439,0.000145,0.0001367,0.0001383,34696.4,4.90994346,1106
1.65819E+12,7/19/2022,ACMBTC,0.0001483,0.0001559,0.0001399,0.0001428,52841.2,7.839899,1681
1.6581E+12,7/18/2022,ACMBTC,0.0001552,0.0001608,0.0001463,0.0001469,80120.3,12.24395188,2098
1.65802E+12,7/17/2022,ACMBTC,0.0001608,0.0001642,0.0001532,0.0001552,43062,6.79858081,1163
1.65793E+12,7/16/2022,ACMBTC,0.000184,0.0001973,0.0001576,0.0001616,224990.9,39.52715692,8072
1.65784E+12,7/15/2022,ACMBTC,0.0001363,0.0004292,0.0001352,0.000184,862664.2,199.2907064,34106
1.65776E+12,7/14/2022,ACMBTC,0.0001383,0.0001403,0.0001339,0.0001358,6610.7,0.90512812,429
1.65767E+12,7/13/2022,ACMBTC,0.0001416,0.0001429,0.0001357,0.0001387,6474.3,0.90435124,829
1.65758E+12,7/12/2022,ACMBTC,0.0001406,0.0001439,0.0001405,0.0001424,2198.8,0.3122679,305
1.6575E+12,7/11/2022,ACMBTC,0.0001391,0.0001416,0.0001377,0.0001412,4539.8,0.63570701,392
1.65741E+12,7/10/2022,ACMBTC,0.000137,0.0001424,0.0001357,0.0001391,5785.2,0.80177153,553
1.65732E+12,7/9/2022,ACMBTC,0.0001336,0.0001389,0.0001336,0.0001369,6287,0.8562073,454
1.65724E+12,7/8/2022,ACMBTC,0.0001345,0.0001371,0.0001326,0.0001334,5156,0.69188142,410
1.65715E+12,7/7/2022,ACMBTC,0.0001375,0.0001399,0.0001315,0.0001346,19058.4,2.5972058,529
1.65707E+12,7/6/2022,ACMBTC,0.0001386,0.0001435,0.0001374,0.000138,10248,1.43172682,729
1.65698E+12,7/5/2022,ACMBTC,0.0001422,0.0001458,0.0001384,0.0001397,23106,3.29661047,4076
1.65689E+12,7/4/2022,ACMBTC,0.0001479,0.0001496,0.0001412,0.0001413,6924.7,1.00919131,985
1.65681E+12,7/3/2022,ACMBTC,0.0001457,0.0001504,0.000144,0.0001471,18841.1,2.76117049,3931
1.65672E+12,7/2/2022,ACMBTC,0.0001442,0.0001514,0.0001432,0.0001452,8919.8,1.30600159,745
1.65663E+12,7/1/2022,ACMBTC,0.0001418,0.000146,0.0001391,0.0001441,18500,2.63971472,774
1.65655E+12,6/30/2022,ACMBTC,0.0001426,0.0001478,0.0001406,0.0001411,15512.4,2.25447995,1103
1.65646E+12,6/29/2022,ACMBTC,0.0001408,0.0001449,0.00014,0.0001426,12413.7,1.76768283,539
1.65637E+12,6/28/2022,ACMBTC,0.0001444,0.000148,0.0001401,0.0001416,13900.4,1.99938539,824
1.65629E+12,6/27/2022,ACMBTC,0.0001403,0.0001474,0.0001403,0.0001453,16681.7,2.39475057,1048
1.6562E+12,6/26/2022,ACMBTC,0.0001437,0.0001456,0.0001396,0.0001396,14652.5,2.09089281,1276
1.65612E+12,6/25/2022,ACMBTC,0.0001489,0.0001514,0.0001426,0.0001437,26131.8,3.83646847,3877
1.65603E+12,6/24/2022,ACMBTC,0.0001421,0.0001538,0.0001409,0.0001495,22667.6,3.31784465,794
1.65594E+12,6/23/2022,ACMBTC,0.0001451,0.0001499,0.000142,0.000142,17401.2,2.51864222,822
1.65586E+12,6/22/2022,ACMBTC,0.0001433,0.0001514,0.0001428,0.0001464,26876.9,3.91854404,1134
1.65577E+12,6/21/2022,ACMBTC,0.0001408,0.000145,0.0001362,0.0001427,35365.3,4.98482077,1225
1.65568E+12,6/20/2022,ACMBTC,0.0001408,0.0001441,0.000138,0.0001408,19644.5,2.76455007,865
1.6556E+12,6/19/2022,ACMBTC,0.0001485,0.0001537,0.0001386,0.0001406,11594.3,1.68357847,683
1.65551E+12,6/18/2022,ACMBTC,0.0001432,0.0001558,0.0001414,0.0001478,26496.7,3.92501007,1496
1.65542E+12,6/17/2022,ACMBTC,0.0001399,0.000148,0.0001389,0.0001435,14012.8,1.99447247,677
1.65534E+12,6/16/2022,ACMBTC,0.0001343,0.0001426,0.0001316,0.0001399,23185.8,3.17510725,1073
1.65525E+12,6/15/2022,ACMBTC,0.0001357,0.00014,0.0001291,0.0001346,36506.5,4.93079937,1478
1.65516E+12,6/14/2022,ACMBTC,0.0001382,0.0001434,0.0001338,0.0001351,45654,6.3299628,1473
1.65508E+12,6/13/2022,ACMBTC,0.0001171,0.0001409,0.0001161,0.0001378,56547.2,7.28152727,2615
1.65499E+12,6/12/2022,ACMBTC,0.0001215,0.0001264,0.0001084,0.0001169,61121.3,7.11465393,2438
1.65491E+12,6/11/2022,ACMBTC,0.0001327,0.0001343,0.00012,0.0001213,28035.4,3.58153312,1291
1.65482E+12,6/10/2022,ACMBTC,0.000135,0.0001391,0.000127,0.0001315,40350.4,5.32293102,2020
1.65473E+12,6/9/2022,ACMBTC,0.0001217,0.0001625,0.0001201,0.000135,237484.2,34.10182392,10303
1.65465E+12,6/8/2022,ACMBTC,0.0001139,0.000139,0.000113,0.0001224,88499.9,10.8887994,3218
1.65456E+12,6/7/2022,ACMBTC,0.0001154,0.000126,0.0001128,0.000114,56353.3,6.77938861,2474
1.65447E+12,6/6/2022,ACMBTC,0.000118,0.0001206,0.000113,0.000115,29829.1,3.46932017,1687
1.65439E+12,6/5/2022,ACMBTC,0.0001229,0.00013,0.0001166,0.0001179,32995.5,4.05630369,1580
1.6543E+12,6/4/2022,ACMBTC,0.0001155,0.0001393,0.0001145,0.0001225,132264.5,16.65955478,4915
1.65421E+12,6/3/2022,ACMBTC,0.0001153,0.0001169,0.000112,0.0001149,32039.8,3.64179271,704
1.65413E+12,6/2/2022,ACMBTC,0.0001237,0.0001242,0.000113,0.0001146,54410.8,6.44867211,1918
1.65404E+12,6/1/2022,ACMBTC,0.0001044,0.0001377,0.0001039,0.0001236,194464.2,23.33890927,5947
1.65396E+12,5/31/2022,ACMBTC,0.0001079,0.0001101,0.0001031,0.0001045,98450.9,10.42031676,1741
1.65387E+12,5/30/2022,ACMBTC,0.0001126,0.000116,0.0001069,0.0001079,24798,2.75706723,1152
1.65378E+12,5/29/2022,ACMBTC,0.0001147,0.0001187,0.0001113,0.0001126,16516.3,1.87567027,733
1.6537E+12,5/28/2022,ACMBTC,0.0001173,0.0001289,0.0001125,0.0001143,50087.1,5.93473533,1813
1.65361E+12,5/27/2022,ACMBTC,0.0001129,0.0001204,0.0001018,0.0001169,59771.1,6.7147976,2547
1.65352E+12,5/26/2022,ACMBTC,0.0001287,0.0001317,0.000112,0.0001129,21856.5,2.60748692,1537
1.65344E+12,5/25/2022,ACMBTC,0.0001245,0.0001494,0.0001215,0.0001287,94279.7,12.55339372,4081
1.65335E+12,5/24/2022,ACMBTC,0.0001302,0.0001323,0.0001212,0.0001243,49918.8,6.33648109,1759
1.65326E+12,5/23/2022,ACMBTC,0.0001423,0.0001579,0.00013,0.00013,172965.7,24.9889727,5124
1.65318E+12,5/22/2022,ACMBTC,0.0001888,0.0001902,0.0001373,0.0001423,153380.6,24.60388024,7693
1.65309E+12,5/21/2022,ACMBTC,0.0001976,0.0001997,0.000181,0.0001888,38123.9,7.21031189,1954
1.653E+12,5/20/2022,ACMBTC,0.0001738,0.0001992,0.0001682,0.0001968,54501.6,10.0954586,3211
1.65292E+12,5/19/2022,ACMBTC,0.0001619,0.0001974,0.0001527,0.0001733,83782.5,14.28748473,4320
1.65283E+12,5/18/2022,ACMBTC,0.0001356,0.0001931,0.0001356,0.0001608,162123.6,27.15560185,7517
1.65275E+12,5/17/2022,ACMBTC,0.0001129,0.0001585,0.0001128,0.0001356,35275.2,4.61411931,3168
1.65266E+12,5/16/2022,ACMBTC,0.0001166,0.0001181,0.0001119,0.0001134,13213.3,1.51917267,877
1.65257E+12,5/15/2022,ACMBTC,0.0001243,0.0001395,0.000112,0.0001166,39423.3,4.85440316,1949
1.65249E+12,5/14/2022,ACMBTC,0.00012,0.0001305,0.0001132,0.0001244,18820,2.27412323,1229
1.6524E+12,5/13/2022,ACMBTC,9.28E-05,0.000141,9.01E-05,0.00012,47458.1,5.63542016,1930
1.65231E+12,5/12/2022,ACMBTC,9.07E-05,9.78E-05,7.73E-05,9.06E-05,39471.7,3.43648342,1523
1.65223E+12,5/11/2022,ACMBTC,0.0001356,0.0001386,8.42E-05,9.07E-05,51077,5.31730242,1710
1.65214E+12,5/10/2022,ACMBTC,0.0001342,0.0001407,0.0001287,0.0001337,14625.2,1.96894953,773
1.65205E+12,5/9/2022,ACMBTC,0.0001481,0.0001497,0.0001307,0.0001331,23721.8,3.35629576,1227
1.65197E+12,5/8/2022,ACMBTC,0.0001496,0.000167,0.0001413,0.0001483,72164.1,11.20941624,3020
1.65188E+12,5/7/2022,ACMBTC,0.0001449,0.0001538,0.0001436,0.0001496,16867.4,2.50320321,823
1.6518E+12,5/6/2022,ACMBTC,0.0001466,0.00018,0.0001396,0.000145,78577.2,12.30412825,4023
1.65171E+12,5/5/2022,ACMBTC,0.000145,0.0001491,0.0001414,0.000146,15675.3,2.27834502,1051
1.65162E+12,5/4/2022,ACMBTC,0.000143,0.0001478,0.0001362,0.000146,24405.5,3.43571004,1362
1.65154E+12,5/3/2022,ACMBTC,0.0001481,0.0001495,0.0001416,0.0001423,12201,1.7823166,595
1.65145E+12,5/2/2022,ACMBTC,0.0001477,0.0001498,0.0001422,0.0001485,37694.6,5.50329411,1144
1.65136E+12,5/1/2022,ACMBTC,0.000165,0.000175,0.0001442,0.0001474,64022.1,10.4293602,2510
1.65128E+12,4/30/2022,ACMBTC,0.0001697,0.0001785,0.0001636,0.0001659,29297.9,5.01983466,1241
1.65119E+12,4/29/2022,ACMBTC,0.0001596,0.0001752,0.0001584,0.0001686,46698.9,7.76682885,1792
1.6511E+12,4/28/2022,ACMBTC,0.0001717,0.0001951,0.0001555,0.0001593,282398.4,48.51977498,9949
1.65102E+12,4/27/2022,ACMBTC,0.0001235,0.0002,0.0001208,0.0001733,271231.5,43.68410817,8249
1.65093E+12,4/26/2022,ACMBTC,0.000122,0.0001323,0.0001213,0.0001243,20097.7,2.54138162,1483
1.65084E+12,4/25/2022,ACMBTC,0.0001305,0.0001317,0.0001216,0.0001223,30350.1,3.7859279,1487
1.65076E+12,4/24/2022,ACMBTC,0.0001415,0.0001423,0.0001253,0.0001318,33008,4.35829053,2062
1.65067E+12,4/23/2022,ACMBTC,0.0001497,0.0001559,0.00014,0.0001412,12769.8,1.88989427,844
1.65059E+12,4/22/2022,ACMBTC,0.0001462,0.0001536,0.0001451,0.000149,32456.2,4.8678852,872
1.6505E+12,4/21/2022,ACMBTC,0.0001439,0.0001495,0.000139,0.0001459,58111.9,8.39066608,1234
1.65041E+12,4/20/2022,ACMBTC,0.0001453,0.0001471,0.000142,0.0001436,62383.8,9.00510051,1375
1.65033E+12,4/19/2022,ACMBTC,0.0001497,0.0001623,0.0001453,0.0001458,24974.9,3.75918905,1592
1.65024E+12,4/18/2022,ACMBTC,0.0001524,0.0001558,0.0001453,0.0001496,12595.6,1.87764537,903
1.65015E+12,4/17/2022,ACMBTC,0.0001549,0.0001561,0.0001514,0.0001539,4520.2,0.69516009,302
1.65007E+12,4/16/2022,ACMBTC,0.0001559,0.0001583,0.0001533,0.000154,14380.7,2.2344395,584
1.64998E+12,4/15/2022,ACMBTC,0.0001575,0.0001678,0.000152,0.0001549,21136,3.36784697,1810
1.64989E+12,4/14/2022,ACMBTC,0.0001479,0.0001574,0.000147,0.0001566,9715,1.47627213,701
1.64981E+12,4/13/2022,ACMBTC,0.0001488,0.0001549,0.0001459,0.0001477,12760.5,1.91490586,501
1.64972E+12,4/12/2022,ACMBTC,0.0001482,0.0001517,0.000146,0.0001506,19628.9,2.91986605,730
1.64964E+12,4/11/2022,ACMBTC,0.0001512,0.0001541,0.0001433,0.0001492,23647.1,3.51918134,1258
1.64955E+12,4/10/2022,ACMBTC,0.0001591,0.000173,0.000148,0.0001509,40566.8,6.43136008,2162
1.64946E+12,4/9/2022,ACMBTC,0.0001534,0.0001661,0.0001529,0.0001591,9781.8,1.56878868,659
1.64938E+12,4/8/2022,ACMBTC,0.0001596,0.0001611,0.0001526,0.0001529,52059.9,8.12461179,1237
1.64929E+12,4/7/2022,ACMBTC,0.0001567,0.00017,0.0001538,0.0001592,34032.5,5.50567102,1416
1.6492E+12,4/6/2022,ACMBTC,0.0001589,0.0001615,0.0001512,0.000156,26136.6,4.09491097,1079
1.64912E+12,4/5/2022,ACMBTC,0.0001657,0.0001676,0.0001543,0.0001579,48088.8,7.754503,2455
1.64903E+12,4/4/2022,ACMBTC,0.0001856,0.0001946,0.0001639,0.0001658,56727.6,10.34742841,2741
1.64894E+12,4/3/2022,ACMBTC,0.0001978,0.0001985,0.0001799,0.000185,19434.7,3.67881326,1112
1.64886E+12,4/2/2022,ACMBTC,0.0001902,0.0002014,0.000186,0.0001977,48870.7,9.51454246,2202
1.64877E+12,4/1/2022,ACMBTC,0.000181,0.0001935,0.000178,0.0001897,40271.6,7.52813577,2128
1.64868E+12,3/31/2022,ACMBTC,0.0001505,0.000184,0.0001505,0.0001809,79678.6,13.65614602,4392
1.6486E+12,3/30/2022,ACMBTC,0.000152,0.0001541,0.0001456,0.0001505,36036.1,5.4300898,1861
1.64851E+12,3/29/2022,ACMBTC,0.0001355,0.000163,0.000132,0.0001514,75944.4,11.18179606,3508
1.64843E+12,3/28/2022,ACMBTC,0.0001286,0.0001371,0.000127,0.000136,12750.8,1.68753563,875
1.64834E+12,3/27/2022,ACMBTC,0.0001339,0.000138,0.000128,0.0001286,13743.2,1.83752792,661
1.64825E+12,3/26/2022,ACMBTC,0.0001359,0.0001427,0.000134,0.0001349,17067.7,2.36720439,1282
1.64817E+12,3/25/2022,ACMBTC,0.0001245,0.0001463,0.0001236,0.0001348,50274.9,6.78199173,3939
1.64808E+12,3/24/2022,ACMBTC,0.0001274,0.00013,0.0001237,0.0001248,9807.1,1.24885172,476
1.64799E+12,3/23/2022,ACMBTC,0.0001311,0.0001354,0.0001261,0.0001275,27438.1,3.56061236,1287
1.64791E+12,3/22/2022,ACMBTC,0.0001218,0.0001653,0.0001171,0.0001311,227401.5,31.68863081,9488
1.64782E+12,3/21/2022,ACMBTC,0.0001203,0.000125,0.0001184,0.0001212,75528.1,9.23543946,1530
1.64773E+12,3/20/2022,ACMBTC,0.0001157,0.0001229,0.0001153,0.0001209,21229,2.54751347,1164
1.64765E+12,3/19/2022,ACMBTC,0.0001157,0.0001213,0.0001147,0.0001158,32284.8,3.79180922,1636
1.64756E+12,3/18/2022,ACMBTC,0.0001183,0.0001214,0.0001134,0.0001157,14717.7,1.71779939,1063
1.64748E+12,3/17/2022,ACMBTC,0.0001137,0.0001202,0.0001123,0.0001182,23583.2,2.74592754,1233
1.64739E+12,3/16/2022,ACMBTC,0.0001134,0.000118,0.0001091,0.0001134,37946.9,4.33272019,1614
1.6473E+12,3/15/2022,ACMBTC,0.0001148,0.0001217,0.000113,0.0001136,41426,4.86286738,1684
1.64722E+12,3/14/2022,ACMBTC,0.000128,0.0001392,0.0001141,0.0001144,86146.5,10.66059201,3035
1.64713E+12,3/13/2022,ACMBTC,0.0001147,0.000149,0.000113,0.0001276,260028.1,34.71607202,8631
1.64704E+12,3/12/2022,ACMBTC,0.0001113,0.0001314,0.0001106,0.0001148,88552.4,10.62772848,3497
1.64696E+12,3/11/2022,ACMBTC,0.0001055,0.0001188,0.0001042,0.0001116,52276.6,5.86864248,3089
1.64687E+12,3/10/2022,ACMBTC,0.0001016,0.0001088,0.0001013,0.0001046,13566.9,1.43089972,650
1.64678E+12,3/9/2022,ACMBTC,0.0001094,0.0001094,0.0001009,0.0001019,23062.8,2.38022861,970
1.6467E+12,3/8/2022,ACMBTC,0.000111,0.000113,0.0001087,0.0001089,5185.5,0.57205531,551
1.64661E+12,3/7/2022,ACMBTC,0.0001124,0.0001149,0.0001103,0.0001116,5017.3,0.56251565,455
1.64652E+12,3/6/2022,ACMBTC,0.0001145,0.0001168,0.0001094,0.0001123,16977.4,1.91068303,701
1.64644E+12,3/5/2022,ACMBTC,0.0001136,0.000119,0.0001132,0.0001146,23320.6,2.69718544,997
1.64635E+12,3/4/2022,ACMBTC,0.0001043,0.0001149,0.0001042,0.0001137,40702.8,4.55367116,2682
1.64627E+12,3/3/2022,ACMBTC,0.0001028,0.0001073,0.0001015,0.0001041,24056.6,2.52145133,1421
1.64618E+12,3/2/2022,ACMBTC,0.0001015,0.0001068,0.0001,0.0001026,41279.9,4.23923292,1981
1.64609E+12,3/1/2022,ACMBTC,0.0001057,0.0001082,0.000101,0.000101,37171.8,3.8938356,1309
1.64601E+12,2/28/2022,ACMBTC,0.0001079,0.000133,0.0001038,0.0001059,143722.7,16.69011619,5262
1.64592E+12,2/27/2022,ACMBTC,0.0001041,0.0001253,0.0001026,0.0001072,65326.6,7.29928809,2537
1.64583E+12,2/26/2022,ACMBTC,0.0001048,0.000106,0.000103,0.000104,4702.6,0.49099218,267
1.64575E+12,2/25/2022,ACMBTC,0.0001033,0.0001064,0.0001008,0.0001044,67087.1,7.04190331,1872
1.64566E+12,2/24/2022,ACMBTC,0.0001104,0.0001144,0.0001008,0.000103,91940.9,9.57963175,2162
1.64557E+12,2/23/2022,ACMBTC,0.0001087,0.000113,0.0001071,0.0001109,16826.5,1.82741935,546
1.64549E+12,2/22/2022,ACMBTC,0.0001084,0.0001146,0.0001076,0.0001085,17252.5,1.90835325,1479
1.6454E+12,2/21/2022,ACMBTC,0.0001099,0.0001121,0.0001075,0.0001094,9643.5,1.05736991,762
1.64532E+12,2/20/2022,ACMBTC,0.0001116,0.0001191,0.000108,0.0001098,30029.6,3.35827928,1128
1.64523E+12,2/19/2022,ACMBTC,0.0001181,0.0001194,0.00011,0.0001116,11389,1.31704834,690
1.64514E+12,2/18/2022,ACMBTC,0.000113,0.000121,0.0001125,0.0001179,16088.8,1.88915034,4396
1.64506E+12,2/17/2022,ACMBTC,0.0001095,0.0001158,0.000109,0.0001129,12911.5,1.46310731,3376
1.64497E+12,2/16/2022,ACMBTC,0.0001074,0.0001132,0.0001065,0.0001095,16802.1,1.83886723,1253
1.64488E+12,2/15/2022,ACMBTC,0.0001089,0.0001137,0.0001057,0.0001073,19418.7,2.12267293,1416
1.6448E+12,2/14/2022,ACMBTC,0.0001104,0.0001144,0.000108,0.000109,8987.6,0.98954945,1067
1.64471E+12,2/13/2022,ACMBTC,0.0001135,0.0001315,0.0001089,0.0001107,104822.6,12.43467344,5719
1.64462E+12,2/12/2022,ACMBTC,0.0001047,0.0001139,0.0001038,0.0001134,27611.3,3.04982949,2852
1.64454E+12,2/11/2022,ACMBTC,0.0001062,0.0001116,0.0001044,0.0001046,8321.4,0.90176513,1262
1.64445E+12,2/10/2022,ACMBTC,0.0001084,0.0001099,0.0001047,0.0001061,11354,1.21024109,1280
1.64436E+12,2/9/2022,ACMBTC,0.0001038,0.0001135,0.0001029,0.0001081,63796.4,7.04478567,4161
1.64428E+12,2/8/2022,ACMBTC,0.000104,0.0001052,0.0001013,0.0001035,11836.6,1.21785792,1204
1.64419E+12,2/7/2022,ACMBTC,0.0001069,0.0001094,0.000103,0.0001041,38579.6,4.0328705,1755
1.64411E+12,2/6/2022,ACMBTC,0.000109,0.000113,0.0001066,0.0001069,23999.8,2.62512478,1925
1.64402E+12,2/5/2022,ACMBTC,0.0001052,0.0001152,0.000103,0.0001089,102859.2,11.15591819,3933
1.64393E+12,2/4/2022,ACMBTC,0.0001114,0.0001133,0.0001049,0.0001049,20180.4,2.18060142,1625
1.64385E+12,2/3/2022,ACMBTC,0.000108,0.0001134,0.0001068,0.0001111,10681.2,1.19245429,996
1.64376E+12,2/2/2022,ACMBTC,0.0001093,0.0001104,0.0001065,0.0001083,12130.8,1.30904074,693
1.64367E+12,2/1/2022,ACMBTC,0.0001067,0.00011,0.0001051,0.0001095,39042.4,4.18701384,1247
1.64359E+12,1/31/2022,ACMBTC,0.0001076,0.0001098,0.0001056,0.0001068,9559.5,1.02567449,641
1.6435E+12,1/30/2022,ACMBTC,0.000106,0.0001137,0.0001052,0.0001076,34569.5,3.81278662,1799
1.64341E+12,1/29/2022,ACMBTC,0.000104,0.000107,0.0001035,0.0001057,12352,1.30160119,798
1.64333E+12,1/28/2022,ACMBTC,0.0001049,0.0001094,0.0001028,0.0001039,27315.7,2.90052356,1439
1.64324E+12,1/27/2022,ACMBTC,0.0001024,0.0001137,0.0001013,0.0001046,48408.3,5.2299771,2400
1.64316E+12,1/26/2022,ACMBTC,0.0001029,0.0001034,0.0001004,0.0001023,10900.9,1.1108371,589
1.64307E+12,1/25/2022,ACMBTC,0.000102,0.0001058,0.0001006,0.0001027,20710.9,2.11634674,873
1.64298E+12,1/24/2022,ACMBTC,0.0001061,0.0001063,9.99E-05,0.000101,12393.6,1.2677515,622
1.6429E+12,1/23/2022,ACMBTC,0.000105,0.0001116,0.0001043,0.0001059,12769.7,1.37896163,613
1.64281E+12,1/22/2022,ACMBTC,0.0001132,0.0001189,9.99E-05,0.0001049,28386.5,3.04207824,1289
1.64272E+12,1/21/2022,ACMBTC,0.0001166,0.0001226,0.0001124,0.0001134,36205.9,4.28602009,1490
1.64264E+12,1/20/2022,ACMBTC,0.0001146,0.0001186,0.0001126,0.0001164,33634,3.87144499,1130
1.64255E+12,1/19/2022,ACMBTC,0.0001168,0.0001168,0.0001119,0.0001143,14736.7,1.67750311,790
1.64246E+12,1/18/2022,ACMBTC,0.0001182,0.0001194,0.0001147,0.0001161,18961.8,2.21036676,843
1.64238E+12,1/17/2022,ACMBTC,0.0001149,0.0001348,0.0001143,0.000118,102041,12.53386388,5467
1.64229E+12,1/16/2022,ACMBTC,0.0001149,0.0001238,0.0001123,0.0001149,10502.8,1.2046266,889
1.6422E+12,1/15/2022,ACMBTC,0.0001131,0.0001186,0.0001124,0.0001148,13121.5,1.50045723,918
1.64212E+12,1/14/2022,ACMBTC,0.0001123,0.0001174,0.0001119,0.0001129,19383.4,2.20683896,1289
1.64203E+12,1/13/2022,ACMBTC,0.0001149,0.0001149,0.0001116,0.000112,11398.9,1.2851723,937
1.64195E+12,1/12/2022,ACMBTC,0.000113,0.0001181,0.0001113,0.0001149,21167.6,2.39781865,1435
1.64186E+12,1/11/2022,ACMBTC,0.0001083,0.0001399,0.0001074,0.0001128,162657.1,19.68302395,8126
1.64177E+12,1/10/2022,ACMBTC,0.0001104,0.0001112,0.0001065,0.0001082,19151,2.0851147,1085
1.64169E+12,1/9/2022,ACMBTC,0.000111,0.0001191,0.0001098,0.0001104,16795,1.89544258,1607
1.6416E+12,1/8/2022,ACMBTC,0.000111,0.0001139,0.0001083,0.0001109,12269.8,1.36070948,1142
1.64151E+12,1/7/2022,ACMBTC,0.0001115,0.0001116,0.0001084,0.0001109,19066.5,2.09833723,1193
1.64143E+12,1/6/2022,ACMBTC,0.0001089,0.0001171,0.0001076,0.0001116,33869.4,3.79035303,3587
1.64134E+12,1/5/2022,ACMBTC,0.0001115,0.0001115,0.0001042,0.000109,23478.9,2.54844765,1173
1.64125E+12,1/4/2022,ACMBTC,0.0001113,0.0001119,0.0001088,0.0001115,33032.4,3.63669745,1412
1.64117E+12,1/3/2022,ACMBTC,0.00011,0.0001118,0.0001083,0.0001112,9595.8,1.0565599,703
1.64108E+12,1/2/2022,ACMBTC,0.0001093,0.0001151,0.0001087,0.0001097,18827.7,2.10038383,1335
1.641E+12,1/1/2022,ACMBTC,0.0001087,0.0001117,0.000108,0.0001094,13818.6,1.51156687,1167
1.64091E+12,12/31/2021,ACMBTC,0.0001079,0.000109,0.0001065,0.0001086,8142.3,0.87832501,497
1.64082E+12,12/30/2021,ACMBTC,0.0001108,0.0001118,0.0001073,0.0001076,17891.7,1.95443016,1008
1.64074E+12,12/29/2021,ACMBTC,0.0001199,0.0001202,0.0001082,0.0001108,40838.8,4.58888432,1927
1.64065E+12,12/28/2021,ACMBTC,0.0001086,0.0001319,0.0001082,0.0001198,275299.4,33.12659454,23233
1.64056E+12,12/27/2021,ACMBTC,0.0001079,0.0001447,0.000106,0.0001087,138881.4,16.75587829,8724
1.64048E+12,12/26/2021,ACMBTC,0.0001097,0.0001107,0.0001067,0.0001074,66925.7,7.29366873,2527
1.64039E+12,12/25/2021,ACMBTC,0.0001041,0.0001098,0.0001037,0.0001098,22132.2,2.36763524,1212
1.6403E+12,12/24/2021,ACMBTC,0.0001065,0.0001075,0.000103,0.0001041,26715.4,2.82300473,1004
1.64022E+12,12/23/2021,ACMBTC,0.0001062,0.0001138,0.0001046,0.0001063,64190.5,7.03562721,3538
1.64013E+12,12/22/2021,ACMBTC,0.0001039,0.0001107,0.0001028,0.0001056,134394,14.33431231,1973
1.64004E+12,12/21/2021,ACMBTC,0.0001068,0.0001094,0.0001024,0.0001033,32193.3,3.37143028,2122
1.63996E+12,12/20/2021,ACMBTC,0.0001013,0.0001199,9.50E-05,0.0001068,91667.9,9.90329826,4829
1.63987E+12,12/19/2021,ACMBTC,0.0001051,0.0001052,0.0001004,0.0001012,13539.9,1.38387994,528
1.63979E+12,12/18/2021,ACMBTC,0.0001056,0.0001069,0.0001039,0.0001046,10759.6,1.12717995,484
1.6397E+12,12/17/2021,ACMBTC,0.0001062,0.0001086,0.0001025,0.0001049,27673,2.91867462,932
1.63961E+12,12/16/2021,ACMBTC,0.0001075,0.0001076,0.0001045,0.0001061,22276.8,2.36078329,697
1.63953E+12,12/15/2021,ACMBTC,0.0001132,0.0001191,0.0001065,0.0001074,62177.1,6.79122213,2062
1.63944E+12,12/14/2021,ACMBTC,0.0001128,0.0001187,0.0001074,0.0001132,91030.6,10.07369035,3616
1.63935E+12,12/13/2021,ACMBTC,0.0001106,0.0001148,0.0001083,0.0001127,17895,1.9793374,2305
1.63927E+12,12/12/2021,ACMBTC,0.0001125,0.0001146,0.00011,0.0001106,17556.3,1.96156912,847
1.63918E+12,12/11/2021,ACMBTC,0.0001126,0.000118,0.0001115,0.0001124,22344.8,2.56144322,2574
1.63909E+12,12/10/2021,ACMBTC,0.0001157,0.0001176,0.0001117,0.0001126,22212.5,2.5514605,2362
1.63901E+12,12/9/2021,ACMBTC,0.0001149,0.0001255,0.0001132,0.0001158,42270.6,5.00816129,4323
1.63892E+12,12/8/2021,ACMBTC,0.0001147,0.0001171,0.0001133,0.0001149,20554.2,2.37267662,1952
1.63884E+12,12/7/2021,ACMBTC,0.000117,0.0001267,0.0001123,0.0001148,80464.1,9.48451061,6534
1.63875E+12,12/6/2021,ACMBTC,0.0001209,0.000134,0.0001113,0.0001169,113087.3,13.43907878,10742
1.63866E+12,12/5/2021,ACMBTC,0.0001133,0.0001475,0.0001128,0.0001208,329185,43.34793378,28938
1.63858E+12,12/4/2021,ACMBTC,0.0001131,0.0001275,0.0001108,0.0001135,39586,4.5644087,3877
1.63849E+12,12/3/2021,ACMBTC,0.0001101,0.0001164,0.0001093,0.0001135,27684.1,3.10406955,1718
1.6384E+12,12/2/2021,ACMBTC,0.0001109,0.0001128,0.000108,0.00011,39775.6,4.37255273,1002
1.63832E+12,12/1/2021,ACMBTC,0.0001109,0.0001161,0.0001084,0.0001106,31729.3,3.54264702,1757
1.63823E+12,11/30/2021,ACMBTC,0.0001107,0.0001139,0.0001095,0.0001106,18052.8,2.01463573,824
1.63814E+12,11/29/2021,ACMBTC,0.0001113,0.0001138,0.0001099,0.0001105,22710.3,2.52880315,1719
1.63806E+12,11/28/2021,ACMBTC,0.00012,0.0001204,0.0001105,0.0001113,37763.5,4.36840486,2350
1.63797E+12,11/27/2021,ACMBTC,0.0001171,0.0001211,0.0001166,0.0001199,22450.5,2.66387227,2230
1.63788E+12,11/26/2021,ACMBTC,0.0001162,0.0001199,0.0001143,0.0001172,45352.8,5.2986949,4996
1.6378E+12,11/25/2021,ACMBTC,0.0001178,0.0001206,0.000114,0.0001161,42121.2,4.90626534,2288
1.63771E+12,11/24/2021,ACMBTC,0.0001203,0.0001216,0.0001154,0.0001178,32612.7,3.85539673,2614
1.63763E+12,11/23/2021,ACMBTC,0.0001271,0.0001319,0.0001192,0.0001202,140815.9,17.60342629,7939
1.63754E+12,11/22/2021,ACMBTC,0.0001195,0.00013,0.000119,0.0001271,47434.9,5.93543955,3619
1.63745E+12,11/21/2021,ACMBTC,0.0001208,0.0001242,0.0001186,0.0001195,29645.6,3.59615458,1565
1.63737E+12,11/20/2021,ACMBTC,0.0001259,0.0001261,0.0001201,0.0001207,15035.6,1.85083891,1833
1.63728E+12,11/19/2021,ACMBTC,0.000122,0.0001285,0.0001215,0.000126,10624.9,1.3356107,1209
1.63719E+12,11/18/2021,ACMBTC,0.0001236,0.0001258,0.0001199,0.0001218,23612,2.89104424,1840
1.63711E+12,11/17/2021,ACMBTC,0.0001268,0.0001305,0.0001225,0.0001235,15557.2,1.94823218,1528
1.63702E+12,11/16/2021,ACMBTC,0.0001274,0.0001317,0.000125,0.0001268,25664.7,3.28485839,2542
1.63693E+12,11/15/2021,ACMBTC,0.0001216,0.0001308,0.0001206,0.0001274,64291.9,8.02635001,3334
1.63685E+12,11/14/2021,ACMBTC,0.0001225,0.0001254,0.0001214,0.0001217,9535.1,1.17075579,1546
1.63676E+12,11/13/2021,ACMBTC,0.0001223,0.0001252,0.0001217,0.0001225,6569.1,0.80836208,869
1.63668E+12,11/12/2021,ACMBTC,0.0001227,0.0001249,0.0001215,0.0001224,23219.3,2.84626684,1579
1.63659E+12,11/11/2021,ACMBTC,0.0001206,0.0001234,0.00012,0.0001228,11908.7,1.45369702,1258
1.6365E+12,11/10/2021,ACMBTC,0.0001203,0.0001245,0.0001177,0.0001205,41940.2,5.07415308,2383
1.63642E+12,11/9/2021,ACMBTC,0.0001204,0.000122,0.0001185,0.0001203,32418.1,3.90868694,1514
1.63633E+12,11/8/2021,ACMBTC,0.0001306,0.0001308,0.0001201,0.0001203,26185.8,3.25607511,2084
1.63624E+12,11/7/2021,ACMBTC,0.000132,0.0001424,0.0001304,0.0001307,58781,7.98943325,4924
1.63616E+12,11/6/2021,ACMBTC,0.0001334,0.0001345,0.0001314,0.0001321,17953.3,2.38705747,1938
1.63607E+12,11/5/2021,ACMBTC,0.0001315,0.0001352,0.0001306,0.0001333,18425.6,2.44073264,1771
1.63598E+12,11/4/2021,ACMBTC,0.0001293,0.0001341,0.000129,0.0001315,23431.5,3.07867964,1406
1.6359E+12,11/3/2021,ACMBTC,0.000133,0.0001345,0.0001289,0.0001293,23848.7,3.12594045,1861
1.63581E+12,11/2/2021,ACMBTC,0.0001405,0.0001431,0.0001291,0.000133,48575.6,6.58639469,3907
1.63572E+12,11/1/2021,ACMBTC,0.0001392,0.0001419,0.0001368,0.0001405,18967.2,2.64751694,1812
1.63564E+12,10/31/2021,ACMBTC,0.0001417,0.0001465,0.0001356,0.0001393,20956.3,2.90904494,2490
1.63555E+12,10/30/2021,ACMBTC,0.0001366,0.0001447,0.000136,0.0001418,27771,3.8777172,2970
1.63547E+12,10/29/2021,ACMBTC,0.000133,0.0001511,0.0001312,0.0001367,50375.8,7.06438494,4844
1.63538E+12,10/28/2021,ACMBTC,0.0001373,0.0001407,0.0001304,0.000133,26211.1,3.52436693,3026
1.63529E+12,10/27/2021,ACMBTC,0.0001429,0.0001445,0.000136,0.0001372,23643,3.31258723,3349
1.63521E+12,10/26/2021,ACMBTC,0.0001392,0.0001442,0.0001385,0.0001428,13532.4,1.89966676,1869
1.63512E+12,10/25/2021,ACMBTC,0.0001411,0.000143,0.0001372,0.0001391,32144.9,4.47970425,2172
1.63503E+12,10/24/2021,ACMBTC,0.0001428,0.0001468,0.000141,0.0001411,23261.8,3.34703986,1337
1.63495E+12,10/23/2021,ACMBTC,0.000145,0.0001457,0.0001414,0.0001428,9754.5,1.39883343,468
1.63486E+12,10/22/2021,ACMBTC,0.0001413,0.0001454,0.000137,0.000145,38713.5,5.46503958,1323
1.63477E+12,10/21/2021,ACMBTC,0.0001361,0.0001472,0.0001359,0.000141,71104.9,9.95631331,2173
1.63469E+12,10/20/2021,ACMBTC,0.000137,0.0001395,0.0001327,0.0001357,31200.9,4.25385868,1047
1.6346E+12,10/19/2021,ACMBTC,0.0001437,0.0001587,0.000136,0.0001364,54647.8,8.08063537,3710
1.63452E+12,10/18/2021,ACMBTC,0.0001438,0.0001663,0.0001412,0.0001437,59608.4,9.15873015,4485
1.63443E+12,10/17/2021,ACMBTC,0.0001465,0.0001489,0.0001439,0.0001439,19442.1,2.85431748,874
1.63434E+12,10/16/2021,ACMBTC,0.0001447,0.0001483,0.0001425,0.0001467,16060,2.3401961,1522
1.63426E+12,10/15/2021,ACMBTC,0.0001597,0.0001604,0.0001429,0.0001451,25146.6,3.75505816,1548
1.63417E+12,10/14/2021,ACMBTC,0.0001571,0.0001631,0.0001541,0.0001597,22693.4,3.59160467,1902
1.63408E+12,10/13/2021,ACMBTC,0.00016,0.000167,0.0001557,0.0001571,54661.4,8.7230171,2397
1.634E+12,10/12/2021,ACMBTC,0.0001527,0.0001648,0.0001518,0.0001601,16574.96,2.6212849,855
1.63391E+12,10/11/2021,ACMBTC,0.0001625,0.0001629,0.0001525,0.0001528,22807.51,3.57924003,1372
1.63382E+12,10/10/2021,ACMBTC,0.0001655,0.0001673,0.0001612,0.0001627,21654.8,3.54711472,1838
1.63374E+12,10/9/2021,ACMBTC,0.0001678,0.0001695,0.0001636,0.0001652,15177.1,2.52344219,1311
1.63365E+12,10/8/2021,ACMBTC,0.0001711,0.0001773,0.0001653,0.0001676,21604.2,3.64073025,1684
1.63356E+12,10/7/2021,ACMBTC,0.0001644,0.0001762,0.0001615,0.0001712,48722.5,8.29587166,3758
1.63348E+12,10/6/2021,ACMBTC,0.0001731,0.000176,0.0001575,0.0001644,54883.97,9.17140482,4578
1.63339E+12,10/5/2021,ACMBTC,0.0001795,0.0001823,0.0001709,0.0001732,24355.8,4.31207127,2000
1.63331E+12,10/4/2021,ACMBTC,0.0001885,0.0001897,0.0001787,0.0001798,19808.9,3.66509502,1805
1.63322E+12,10/3/2021,ACMBTC,0.0001928,0.0001975,0.0001862,0.0001885,25260,4.83968559,2133
1.63313E+12,10/2/2021,ACMBTC,0.0001913,0.0001985,0.0001882,0.0001927,28649.3,5.52792671,3010
1.63305E+12,10/1/2021,ACMBTC,0.000203,0.0002044,0.0001873,0.0001916,28410.8,5.52158984,2780
1.63296E+12,9/30/2021,ACMBTC,0.0002121,0.0002121,0.0002016,0.000203,19904.5,4.07978888,2100
1.63287E+12,9/29/2021,ACMBTC,0.0002143,0.0002204,0.0002101,0.0002123,46677.8,10.02791388,4542
1.63279E+12,9/28/2021,ACMBTC,0.000235,0.0002516,0.000214,0.000214,101568.4,23.56541055,11384
1.6327E+12,9/27/2021,ACMBTC,0.0002259,0.0002493,0.0002235,0.0002347,69485.3,16.41228294,10401
1.63261E+12,9/26/2021,ACMBTC,0.0002231,0.0002434,0.0002137,0.0002257,52467.2,11.87148361,7360
1.63253E+12,9/25/2021,ACMBTC,0.0002211,0.0002322,0.0002195,0.0002233,41065.6,9.26482268,4996
1.63244E+12,9/24/2021,ACMBTC,0.0002203,0.0002334,0.0002115,0.0002213,52848.5,11.77278878,6632
1.63236E+12,9/23/2021,ACMBTC,0.0002213,0.0002421,0.0002194,0.0002203,86570.7,19.69883598,8793
1.63227E+12,9/22/2021,ACMBTC,0.000227,0.0002598,0.0002189,0.0002213,155259.5,35.91740728,17364
1.63218E+12,9/21/2021,ACMBTC,0.0002023,0.0002768,0.0001968,0.0002271,285880.5,66.8919238,25697
1.6321E+12,9/20/2021,ACMBTC,0.0002051,0.000216,0.0001952,0.0002025,42502.9,8.64632121,4442
1.63201E+12,9/19/2021,ACMBTC,0.0002213,0.0002316,0.0002029,0.0002048,39713,8.66701327,3247
1.63192E+12,9/18/2021,ACMBTC,0.0002184,0.0002365,0.0002134,0.0002215,57253.4,12.81560308,4965
1.63184E+12,9/17/2021,ACMBTC,0.0002249,0.0002292,0.0002135,0.0002184,63676,14.03876495,5010
1.63175E+12,9/16/2021,ACMBTC,0.0002377,0.0002528,0.000224,0.0002255,309291.8,72.70509466,18098
1.63166E+12,9/15/2021,ACMBTC,0.0002279,0.000348,0.000215,0.000239,811565.04,228.2658963,48038
1.63158E+12,9/14/2021,ACMBTC,0.0001792,0.0002701,0.0001723,0.0002283,342291.86,78.6395227,23317
1.63149E+12,9/13/2021,ACMBTC,0.0001819,0.0001885,0.0001738,0.0001786,25894.1,4.67088111,2912
1.6314E+12,9/12/2021,ACMBTC,0.0001843,0.0001903,0.00018,0.000182,19740.6,3.60836758,1527
1.63132E+12,9/11/2021,ACMBTC,0.0001865,0.0002092,0.0001801,0.0001845,68726.7,13.1887445,5267
1.63123E+12,9/10/2021,ACMBTC,0.0001722,0.000213,0.0001699,0.0001865,181082.3,34.47426048,10065
1.63115E+12,9/9/2021,ACMBTC,0.0001742,0.0001793,0.0001691,0.0001716,19351.1,3.36499502,1607
1.63106E+12,9/8/2021,ACMBTC,0.0001701,0.000175,0.000165,0.0001731,18359.8,3.10184929,1401
1.63097E+12,9/7/2021,ACMBTC,0.0001735,0.000185,0.0001631,0.00017,94677.18,16.5875656,5435
1.63089E+12,9/6/2021,ACMBTC,0.000183,0.0001889,0.0001717,0.0001737,67256.1,11.99332153,3209
1.6308E+12,9/5/2021,ACMBTC,0.0001849,0.00021,0.0001804,0.0001821,176215.73,33.86929688,7988
1.63071E+12,9/4/2021,ACMBTC,0.0001772,0.00019,0.0001721,0.0001839,139526.07,25.42054849,4820
1.63063E+12,9/3/2021,ACMBTC,0.0001769,0.0001798,0.000169,0.0001763,38582.4,6.74846773,1798
1.63054E+12,9/2/2021,ACMBTC,0.0001725,0.0001797,0.0001672,0.0001758,33404.94,5.80195202,2294
1.63045E+12,9/1/2021,ACMBTC,0.0001713,0.0001798,0.0001692,0.0001718,31667.4,5.4969628,1949
1.63037E+12,8/31/2021,ACMBTC,0.0001743,0.0001758,0.0001696,0.0001712,27809.6,4.79931539,1254
1.63028E+12,8/30/2021,ACMBTC,0.0001725,0.0001777,0.0001693,0.0001742,19321.55,3.32980318,1009
1.6302E+12,8/29/2021,ACMBTC,0.0001746,0.0001788,0.0001715,0.0001724,11485,2.01743423,813
1.63011E+12,8/28/2021,ACMBTC,0.0001779,0.0001801,0.000174,0.0001757,5327,0.94241846,442
1.63002E+12,8/27/2021,ACMBTC,0.0001754,0.000181,0.0001712,0.0001779,29233.15,5.12153986,1597
1.62994E+12,8/26/2021,ACMBTC,0.0001799,0.0001899,0.0001755,0.0001755,26981.79,4.88772758,1870
1.62985E+12,8/25/2021,ACMBTC,0.0001801,0.000196,0.0001774,0.000179,37272.2,6.890924,3696
1.62976E+12,8/24/2021,ACMBTC,0.0001835,0.0001882,0.0001787,0.0001801,30953.63,5.69019543,2260
1.62968E+12,8/23/2021,ACMBTC,0.0001825,0.0001856,0.0001801,0.0001827,17897.28,3.25972791,1133
1.62959E+12,8/22/2021,ACMBTC,0.0001881,0.0001898,0.0001813,0.0001824,30604.07,5.6939396,1401
1.6295E+12,8/21/2021,ACMBTC,0.0001912,0.0001941,0.0001856,0.000188,16972.19,3.20085315,1112
1.62942E+12,8/20/2021,ACMBTC,0.0001994,0.0002026,0.0001903,0.0001903,18089.82,3.55849242,1535
1.62933E+12,8/19/2021,ACMBTC,0.0002064,0.00021,0.0001981,0.0001991,21677.19,4.40764104,2216
1.62924E+12,8/18/2021,ACMBTC,0.0002093,0.0002129,0.0002048,0.0002067,23110.25,4.81107014,3025
1.62916E+12,8/17/2021,ACMBTC,0.0002066,0.0002122,0.0002002,0.0002093,35064.74,7.19391843,3026
1.62907E+12,8/16/2021,ACMBTC,0.0002083,0.0002115,0.0002052,0.0002072,24890.26,5.17825104,1987
1.62899E+12,8/15/2021,ACMBTC,0.0002055,0.0002345,0.0002043,0.0002083,67139.45,14.45992637,6691
1.6289E+12,8/14/2021,ACMBTC,0.0002047,0.0002097,0.0002027,0.0002055,27472.97,5.66138347,1610
1.62881E+12,8/13/2021,ACMBTC,0.000222,0.0002251,0.0002024,0.000204,42288.1,8.90819223,3016
1.62873E+12,8/12/2021,ACMBTC,0.0002067,0.0002379,0.0002047,0.000222,63187.13,13.86925461,6200
1.62864E+12,8/11/2021,ACMBTC,0.0002147,0.0002174,0.000205,0.0002067,30522.82,6.39654063,2652
1.62855E+12,8/10/2021,ACMBTC,0.0002155,0.0002259,0.0002096,0.0002139,65157.39,14.23194842,4505
1.62847E+12,8/9/2021,ACMBTC,0.0001964,0.0002512,0.0001964,0.0002155,179076.24,39.64849965,13537
1.62838E+12,8/8/2021,ACMBTC,0.0002005,0.0002047,0.000195,0.0001968,16604.6,3.30703899,1847
1.62829E+12,8/7/2021,ACMBTC,0.0002122,0.0002146,0.0002001,0.0002004,44121.02,9.08964363,2860
1.62821E+12,8/6/2021,ACMBTC,0.000211,0.0002211,0.0002001,0.0002118,26817.34,5.6291706,2888
1.62812E+12,8/5/2021,ACMBTC,0.0002191,0.0002258,0.0002087,0.0002114,44912.36,9.65508962,2792
1.62804E+12,8/4/2021,ACMBTC,0.0002243,0.0002268,0.000218,0.000219,13622.62,3.02599781,1392
1.62795E+12,8/3/2021,ACMBTC,0.0002272,0.0002313,0.0002231,0.0002243,8940.7,2.03447099,2579
1.62786E+12,8/2/2021,ACMBTC,0.0002127,0.0002331,0.00021,0.0002266,17365.48,3.83742415,2371
1.62778E+12,8/1/2021,ACMBTC,0.0002122,0.000213,0.0002083,0.0002122,7838.68,1.65402974,829
1.62769E+12,7/31/2021,ACMBTC,0.0002055,0.0002184,0.0002044,0.0002119,10539.81,2.22293501,2124
1.6276E+12,7/30/2021,ACMBTC,0.0002177,0.0002344,0.0002055,0.0002055,24463.68,5.38557769,3503
1.62752E+12,7/29/2021,ACMBTC,0.0002001,0.0002217,0.0001973,0.0002177,22953,4.7642535,2265
1.62743E+12,7/28/2021,ACMBTC,0.0002051,0.0002091,0.0001953,0.0002002,19761.83,3.97725336,3051
1.62734E+12,7/27/2021,ACMBTC,0.0002118,0.000225,0.0002053,0.0002053,30588.39,6.56757824,5981
1.62726E+12,7/26/2021,ACMBTC,0.0002344,0.0002346,0.000197,0.000212,35517.09,7.48932967,5590
1.62717E+12,7/25/2021,ACMBTC,0.0002371,0.0002461,0.0002241,0.0002349,29341.02,6.91340572,5987
1.62708E+12,7/24/2021,ACMBTC,0.0002568,0.0002624,0.0002344,0.000237,33123.38,8.14688428,4731
1.627E+12,7/23/2021,ACMBTC,0.0002472,0.00029,0.0002396,0.0002575,62345.63,16.53413798,14176
1.62691E+12,7/22/2021,ACMBTC,0.0002231,0.0002549,0.0002211,0.0002467,65464.91,15.75345188,9083
1.62683E+12,7/21/2021,ACMBTC,0.0002114,0.0002353,0.0002036,0.0002232,54715.76,11.93503492,9750
1.62674E+12,7/20/2021,ACMBTC,0.0002076,0.0002196,0.0002011,0.0002114,49989.53,10.50490566,6356
1.62665E+12,7/19/2021,ACMBTC,0.0001952,0.0002119,0.000193,0.000207,51845.9,10.49754384,5095
1.62657E+12,7/18/2021,ACMBTC,0.0001931,0.0001993,0.0001901,0.0001952,14293.65,2.79764326,1195
1.62648E+12,7/17/2021,ACMBTC,0.0001924,0.0001961,0.0001876,0.0001931,7514.06,1.43915439,2028
1.62639E+12,7/16/2021,ACMBTC,0.0001974,0.0001982,0.0001886,0.000193,26400.73,5.05895431,3356
1.62631E+12,7/15/2021,ACMBTC,0.0001993,0.0002073,0.0001962,0.0001974,14323.08,2.88968818,3412
1.62622E+12,7/14/2021,ACMBTC,0.000202,0.0002119,0.0001956,0.0001993,48940.85,9.90115321,4087
1.62613E+12,7/13/2021,ACMBTC,0.0002008,0.00023,0.000194,0.0002011,189208.12,38.18380049,12216
1.62605E+12,7/12/2021,ACMBTC,0.0001812,0.0002079,0.0001766,0.0002007,89847.14,17.34718162,8721
1.62596E+12,7/11/2021,ACMBTC,0.0001828,0.000203,0.0001797,0.0001814,93108.31,17.71303468,8563
1.62588E+12,7/10/2021,ACMBTC,0.000177,0.0001866,0.000175,0.0001828,16909.16,3.0238561,1727
1.62579E+12,7/9/2021,ACMBTC,0.0001781,0.0001815,0.0001758,0.0001775,7834.01,1.39959129,2295
1.6257E+12,7/8/2021,ACMBTC,0.0001801,0.0001881,0.0001772,0.0001783,31014.47,5.70963433,2578
1.62562E+12,7/7/2021,ACMBTC,0.000177,0.0001808,0.0001737,0.0001793,13492.22,2.39186021,1355
1.62553E+12,7/6/2021,ACMBTC,0.0001788,0.0001865,0.0001752,0.0001764,43699.54,7.84567398,2582
1.62544E+12,7/5/2021,ACMBTC,0.0001731,0.0001819,0.0001716,0.0001787,16740.49,2.98235038,1591
1.62536E+12,7/4/2021,ACMBTC,0.0001751,0.0001819,0.0001709,0.000173,16897.55,2.93836929,1481
1.62527E+12,7/3/2021,ACMBTC,0.0001768,0.0001873,0.0001733,0.0001751,27722.04,4.91467622,2010
1.62518E+12,7/2/2021,ACMBTC,0.0001809,0.0001839,0.0001767,0.0001768,15550.46,2.79689799,1807
1.6251E+12,7/1/2021,ACMBTC,0.0001732,0.0002,0.0001725,0.0001809,62556.23,11.80071628,6326
1.62501E+12,6/30/2021,ACMBTC,0.0001696,0.0001768,0.0001665,0.000173,24422.95,4.16992403,1927
1.62492E+12,6/29/2021,ACMBTC,0.000175,0.0001795,0.0001678,0.0001696,21895.4,3.78585984,1870
1.62484E+12,6/28/2021,ACMBTC,0.0001745,0.0001834,0.00017,0.0001751,47000.74,8.30336116,5777
1.62475E+12,6/27/2021,ACMBTC,0.0001853,0.0002044,0.0001718,0.0001739,130977.45,24.14932393,8288
1.62467E+12,6/26/2021,ACMBTC,0.0001892,0.0002068,0.0001813,0.0001845,47182.04,8.99138479,3508
1.62458E+12,6/25/2021,ACMBTC,0.0001807,0.0001907,0.0001784,0.0001891,21232.05,3.93029338,1976
1.62449E+12,6/24/2021,ACMBTC,0.0001864,0.0001919,0.0001783,0.0001814,18370.14,3.42095607,1339
1.62441E+12,6/23/2021,ACMBTC,0.0001859,0.0001937,0.0001803,0.0001866,26631.48,4.95626772,2907
1.62432E+12,6/22/2021,ACMBTC,0.000182,0.000206,0.0001784,0.0001853,56710.23,10.74637226,6438
1.62423E+12,6/21/2021,ACMBTC,0.0002021,0.0002098,0.0001811,0.0001813,30475.08,6.04619678,6791
1.62415E+12,6/20/2021,ACMBTC,0.000211,0.0002177,0.0002018,0.0002029,60427.63,12.69870503,4247
1.62406E+12,6/19/2021,ACMBTC,0.0002,0.0002374,0.0001957,0.0002105,103716.39,22.38383746,15012
1.62397E+12,6/18/2021,ACMBTC,0.0001913,0.0002125,0.0001876,0.0002,53253.46,10.48037804,8719
1.62389E+12,6/17/2021,ACMBTC,0.0001732,0.0002202,0.0001723,0.0001908,143735.82,27.56352299,17731
1.6238E+12,6/16/2021,ACMBTC,0.0001741,0.0001779,0.0001688,0.0001732,27100.36,4.6875941,3724
1.62372E+12,6/15/2021,ACMBTC,0.0001687,0.0001904,0.0001647,0.0001739,64815.44,11.40361605,7180
1.62363E+12,6/14/2021,ACMBTC,0.0001736,0.0001829,0.0001669,0.0001687,27085.66,4.68690702,3998
1.62354E+12,6/13/2021,ACMBTC,0.0001852,0.0001915,0.0001715,0.0001736,27611.54,4.97417054,7063
1.62346E+12,6/12/2021,ACMBTC,0.0001852,0.0001924,0.0001747,0.0001852,100606.46,18.4663282,11721
1.62337E+12,6/11/2021,ACMBTC,0.0002057,0.0002577,0.0001829,0.0001852,423945.92,95.73192781,45312
1.62328E+12,6/10/2021,ACMBTC,0.0001682,0.0002289,0.0001611,0.0002053,257025.52,50.00816055,32533
1.6232E+12,6/9/2021,ACMBTC,0.0001857,0.0001857,0.0001652,0.0001681,24598.64,4.2867944,3735
1.62311E+12,6/8/2021,ACMBTC,0.000199,0.0002015,0.0001766,0.0001856,75743.28,14.07067729,9516
1.62302E+12,6/7/2021,ACMBTC,0.0001985,0.0002059,0.0001926,0.0001992,35072.26,6.96314299,6464
1.62294E+12,6/6/2021,ACMBTC,0.0002033,0.0002059,0.0001948,0.0001976,23638.25,4.68981944,3617
1.62285E+12,6/5/2021,ACMBTC,0.0001919,0.0002059,0.0001885,0.0002033,31856.56,6.2309286,4821
1.62276E+12,6/4/2021,ACMBTC,0.000195,0.0002023,0.0001864,0.0001919,63618.79,12.42650631,5677
1.62268E+12,6/3/2021,ACMBTC,0.0001952,0.0002023,0.0001897,0.0001952,39932.76,7.80224286,3083
1.62259E+12,6/2/2021,ACMBTC,0.0001964,0.0002064,0.0001935,0.0001954,64238.53,12.88490943,6861
1.62251E+12,6/1/2021,ACMBTC,0.0002055,0.0002089,0.0001958,0.0001976,62719.74,12.69874679,3814
1.62242E+12,5/31/2021,ACMBTC,0.0002047,0.0002099,0.0001976,0.0002053,27725.03,5.66016286,3674
1.62233E+12,5/30/2021,ACMBTC,0.0002091,0.0002157,0.0002,0.0002046,21565.6,4.45203592,4686
1.62225E+12,5/29/2021,ACMBTC,0.0002164,0.0002191,0.0002019,0.0002081,19245.47,4.03969963,3047
1.62216E+12,5/28/2021,ACMBTC,0.0002249,0.0002371,0.0002072,0.0002174,114499.06,24.93730912,12293
1.62207E+12,5/27/2021,ACMBTC,0.0001989,0.0002407,0.0001887,0.0002248,178072.92,38.64008704,17829
1.62199E+12,5/26/2021,ACMBTC,0.0001962,0.0002065,0.0001858,0.0001979,96492.66,18.9248003,10638
1.6219E+12,5/25/2021,ACMBTC,0.000215,0.0002233,0.0001852,0.0001959,64831.36,13.04371346,10201
1.62181E+12,5/24/2021,ACMBTC,0.0002308,0.000244,0.0002019,0.0002155,135500.44,29.72052366,20067
1.62173E+12,5/23/2021,ACMBTC,0.000341,0.0003417,0.0001966,0.0002324,249856.14,62.91073258,44071
1.62164E+12,5/22/2021,ACMBTC,0.0003931,0.0003991,0.0003197,0.0003408,114896.27,40.78568299,36430
1.62156E+12,5/21/2021,ACMBTC,0.0003184,0.000415,0.0003081,0.0003931,201664.67,72.43434413,54122
1.62147E+12,5/20/2021,ACMBTC,0.0002676,0.0003554,0.00025,0.0003182,130687.1,37.20784925,29950
1.62138E+12,5/19/2021,ACMBTC,0.0003646,0.000415,0.0002588,0.0002676,200625.86,66.43864768,45387
1.6213E+12,5/18/2021,ACMBTC,0.0003133,0.0003911,0.0003053,0.0003646,215602.69,76.17406082,34409
1.62121E+12,5/17/2021,ACMBTC,0.000291,0.0003196,0.0002737,0.0003115,238540.71,70.14333428,29335
1.62112E+12,5/16/2021,ACMBTC,0.0003361,0.0003937,0.0002843,0.000291,711607.77,230.8434243,64913
1.62104E+12,5/15/2021,ACMBTC,0.000264,0.0004245,0.0002445,0.0003377,836661.95,289.1172564,86546
1.62095E+12,5/14/2021,ACMBTC,0.0002183,0.0003,0.0002154,0.0002643,234928.5,57.58932905,19630
1.62086E+12,5/13/2021,ACMBTC,0.0001998,0.0003138,0.0001939,0.0002204,932392,234.4456356,65886
1.62078E+12,5/12/2021,ACMBTC,0.0001633,0.00032,0.0001628,0.000197,783689.38,179.7285286,44971
1.62069E+12,5/11/2021,ACMBTC,0.0001642,0.0001686,0.0001564,0.0001633,34631.88,5.63207306,3324
1.6206E+12,5/10/2021,ACMBTC,0.000171,0.0001748,0.0001633,0.0001635,26404.91,4.42304952,3313
1.62052E+12,5/9/2021,ACMBTC,0.0001734,0.0001831,0.0001646,0.0001709,46007.82,7.99882482,6314
1.62043E+12,5/8/2021,ACMBTC,0.0001788,0.0001843,0.0001699,0.0001742,32120.01,5.65627055,3443
1.62035E+12,5/7/2021,ACMBTC,0.0001814,0.0001892,0.0001773,0.0001788,40095.4,7.32888589,5544
1.62026E+12,5/6/2021,ACMBTC,0.0001845,0.0001897,0.0001751,0.0001814,74426.33,13.50600456,6741
1.62017E+12,5/5/2021,ACMBTC,0.0001931,0.0001936,0.0001818,0.0001846,40044.81,7.53990723,5309
1.62009E+12,5/4/2021,ACMBTC,0.0001928,0.0001988,0.0001897,0.000193,29811.87,5.77579214,5212
1.62E+12,5/3/2021,ACMBTC,0.000194,0.0002009,0.0001871,0.000193,49743.18,9.65031464,6191
1.61991E+12,5/2/2021,ACMBTC,0.0001886,0.0001969,0.0001851,0.0001945,25488.5,4.84439449,4028
1.61983E+12,5/1/2021,ACMBTC,0.0001896,0.0002046,0.000184,0.0001885,43618.75,8.4044553,6689
1.61974E+12,4/30/2021,ACMBTC,0.0002,0.0002146,0.0001885,0.0001898,65799.87,13.20729492,7942
1.61965E+12,4/29/2021,ACMBTC,0.0001855,0.0002089,0.0001828,0.0001992,51597.34,10.09102333,7168
1.61957E+12,4/28/2021,ACMBTC,0.0001877,0.0001946,0.0001831,0.0001854,29103.88,5.46409832,4039
1.61948E+12,4/27/2021,ACMBTC,0.0001874,0.0001928,0.0001847,0.0001876,36358.57,6.84530131,4450
1.6194E+12,4/26/2021,ACMBTC,0.0001935,0.0001986,0.0001834,0.0001868,63479.63,12.04840339,5660
1.61931E+12,4/25/2021,ACMBTC,0.0001905,0.0002117,0.0001898,0.0001938,79749.74,16.01439287,8343
1.61922E+12,4/24/2021,ACMBTC,0.0001914,0.0002055,0.0001885,0.0001908,43404.87,8.4625885,4602
1.61914E+12,4/23/2021,ACMBTC,0.0002084,0.000223,0.0001779,0.0001912,165899.16,32.84898812,12031
1.61905E+12,4/22/2021,ACMBTC,0.0001982,0.0002398,0.0001866,0.0002073,162503.57,34.16620648,15565
1.61896E+12,4/21/2021,ACMBTC,0.0001906,0.0002068,0.0001859,0.0001984,56478.99,11.25670231,7491
1.61888E+12,4/20/2021,ACMBTC,0.0001801,0.0002073,0.000171,0.0001908,82708.02,15.86970426,8804
1.61879E+12,4/19/2021,ACMBTC,0.0001843,0.0001931,0.000175,0.0001796,51619.35,9.46802049,4217
1.6187E+12,4/18/2021,ACMBTC,0.0001886,0.0002089,0.0001808,0.0001832,75800.24,14.31343307,6541
1.61862E+12,4/17/2021,ACMBTC,0.000189,0.0001917,0.0001833,0.0001886,24979.52,4.68094182,2000
1.61853E+12,4/16/2021,ACMBTC,0.0001907,0.0001944,0.0001823,0.0001884,32809.28,6.19276823,4663
1.61844E+12,4/15/2021,ACMBTC,0.0001861,0.0001996,0.0001856,0.0001909,30835.63,5.95620865,2258
1.61836E+12,4/14/2021,ACMBTC,0.0001891,0.0001935,0.0001815,0.0001867,51106.78,9.49582679,3162
1.61827E+12,4/13/2021,ACMBTC,0.0001997,0.0002193,0.0001815,0.0001892,106090.27,20.88527354,8744
1.61819E+12,4/12/2021,ACMBTC,0.0001864,0.0002217,0.000185,0.0001997,183459.44,37.2281843,16107
1.6181E+12,4/11/2021,ACMBTC,0.0001834,0.000205,0.0001751,0.0001871,99573.26,18.85134627,9053
1.61801E+12,4/10/2021,ACMBTC,0.0001901,0.0001987,0.0001823,0.0001834,32218.21,6.08469287,2461
1.61793E+12,4/9/2021,ACMBTC,0.0001943,0.0001989,0.0001883,0.0001901,58085.6,11.15902951,4527
1.61784E+12,4/8/2021,ACMBTC,0.0002078,0.000219,0.0001911,0.000194,146159.83,29.36387439,12514
1.61775E+12,4/7/2021,ACMBTC,0.0001894,0.0002799,0.0001821,0.0002074,510758.37,112.9222736,35718
1.61767E+12,4/6/2021,ACMBTC,0.0001728,0.0002339,0.00017,0.0001898,223409.93,44.26725867,13652
1.61758E+12,4/5/2021,ACMBTC,0.0001805,0.0001828,0.0001728,0.0001728,45067.67,7.99955913,2417
1.61749E+12,4/4/2021,ACMBTC,0.0001792,0.0001823,0.0001757,0.0001806,40802.98,7.30395386,2610
1.61741E+12,4/3/2021,ACMBTC,0.0001829,0.0001912,0.0001785,0.0001787,77455.25,14.2846033,5219
1.61732E+12,4/2/2021,ACMBTC,0.0001818,0.0001863,0.0001742,0.0001831,51032.2,9.17678596,2729
1.61724E+12,4/1/2021,ACMBTC,0.000185,0.0001917,0.0001801,0.000182,35022.39,6.47954519,2148
1.61715E+12,3/31/2021,ACMBTC,0.000192,0.0001939,0.0001813,0.0001849,40986.3,7.68928705,2486
1.61706E+12,3/30/2021,ACMBTC,0.0001992,0.0002014,0.0001879,0.000192,52470.64,10.18919988,3597
1.61698E+12,3/29/2021,ACMBTC,0.0002012,0.0002028,0.0001957,0.0001991,33366.98,6.64045998,3078
1.61689E+12,3/28/2021,ACMBTC,0.0002016,0.0002097,0.0002,0.0002007,31960.2,6.49671327,3360
1.6168E+12,3/27/2021,ACMBTC,0.0002064,0.0002171,0.0002,0.0002018,33341.51,6.86851855,5428
1.61672E+12,3/26/2021,ACMBTC,0.0002126,0.000226,0.0002043,0.0002066,63809.07,13.649558,6065
1.61663E+12,3/25/2021,ACMBTC,0.0002037,0.000226,0.0001937,0.0002122,124937.09,26.29848108,8501
1.61654E+12,3/24/2021,ACMBTC,0.0002011,0.000216,0.0001969,0.0002038,98563.09,20.33626629,7256
1.61646E+12,3/23/2021,ACMBTC,0.0002144,0.0002159,0.0001965,0.0002011,36270.46,7.39001178,3025
1.61637E+12,3/22/2021,ACMBTC,0.0002066,0.0002144,0.0001985,0.0002144,39566.58,8.08556071,2570
1.61628E+12,3/21/2021,ACMBTC,0.0002077,0.0002254,0.0002019,0.0002064,55911.67,11.8795209,3592
1.6162E+12,3/20/2021,ACMBTC,0.0002247,0.0002269,0.0001985,0.0002075,82880.43,17.35347693,5512
1.61611E+12,3/19/2021,ACMBTC,0.000225,0.0002314,0.0002212,0.0002246,24601.66,5.54667783,3931
1.61603E+12,3/18/2021,ACMBTC,0.000219,0.0002488,0.000216,0.0002253,57085.94,13.14930857,5132
1.61594E+12,3/17/2021,ACMBTC,0.0002273,0.0002518,0.0002162,0.0002194,49364.05,11.46500201,4410
1.61585E+12,3/16/2021,ACMBTC,0.0002307,0.0002474,0.0002183,0.0002274,50271.67,11.52359474,6982
1.61577E+12,3/15/2021,ACMBTC,0.0002323,0.0002409,0.0002075,0.0002307,90332.74,20.39145763,9123
1.61568E+12,3/14/2021,ACMBTC,0.0002444,0.0002526,0.0002285,0.0002325,84228.33,19.86959359,10210
1.61559E+12,3/13/2021,ACMBTC,0.0002281,0.000311,0.0002278,0.0002441,237959.68,63.63344043,23866
1.61551E+12,3/12/2021,ACMBTC,0.0002227,0.0002441,0.0002102,0.0002278,122307.95,27.6733076,13164
1.61542E+12,3/11/2021,ACMBTC,0.0002303,0.0002698,0.00021,0.0002227,480347.72,117.543214,29411
1.61533E+12,3/10/2021,ACMBTC,0.0002005,0.000336,0.0001956,0.0002304,408697.65,102.5366987,23183
1.61525E+12,3/9/2021,ACMBTC,0.0002032,0.0002457,0.0001938,0.0002018,124301.51,26.53528602,6901
1.61516E+12,3/8/2021,ACMBTC,0.000214,0.0002203,0.0002037,0.0002037,24135.55,5.09534822,2514
1.61508E+12,3/7/2021,ACMBTC,0.0002176,0.0002308,0.0002123,0.0002152,22920.54,5.02328765,3153
1.61499E+12,3/6/2021,ACMBTC,0.0002163,0.0002437,0.0002153,0.000218,34895.3,7.9066468,4372
1.6149E+12,3/5/2021,ACMBTC,0.000222,0.0002319,0.0002128,0.000217,25605.55,5.65267627,3215
1.61482E+12,3/4/2021,ACMBTC,0.0002445,0.0002485,0.000219,0.000222,38095.22,8.80981058,3829
1.61473E+12,3/3/2021,ACMBTC,0.000249,0.0002617,0.0002357,0.0002433,50944.06,12.53278475,4740
1.61464E+12,3/2/2021,ACMBTC,0.0002771,0.000297,0.0002432,0.000251,125977.46,33.88856974,12054
1.61456E+12,3/1/2021,ACMBTC,0.0002087,0.0003207,0.0002025,0.0002778,312015.42,84.25975366,23557
1.61447E+12,2/28/2021,ACMBTC,0.0002522,0.0002578,0.0001963,0.0002088,132926.85,28.55788467,11163
1.61438E+12,2/27/2021,ACMBTC,0.0002501,0.0002975,0.0002429,0.0002519,76132,20.1719497,7742
1.6143E+12,2/26/2021,ACMBTC,0.0003016,0.0003384,0.0002443,0.0002515,174854.28,49.85987119,15575
1.61421E+12,2/25/2021,ACMBTC,0.0003585,0.0004512,0.000292,0.0003015,1073129.99,400.3761866,73135
1.61412E+12,2/24/2021,ACMBTC,0.0001299,0.00051,0.0001299,0.000359,1473372.76,590.6160966,109128
