Transaction_Value,Transaction_Fees,Number_of_Inputs,Number_of_Outputs,Gas_Price,Wallet_Age_Days,Wallet_Balance,Transaction_Velocity,Exchange_Rate,Is_Scam,Action,Reward,Predicted_Action
646.98,0.028836,3,9,7.35,202,7033.87,9.13,51852.09,1,1,-1,
643.02,0.022492,4,2,468.26,37,5212.85,0.72,43421.44,1,1,1,
751.77,0.008634,8,5,72.08,298,7020.67,3.64,49948.94,0,0,-1,
111.36,0.040287,2,2,83.97,203,9564.5,4.02,59242.35,0,0,1,
374.17,0.043111,5,1,490.2,283,4594.47,5.58,6555.17,1,1,1,
908.7,0.049862,1,6,385.75,159,7653.82,6.4,19760.22,0,0,-1,
410.88,0.04545,2,4,152.38,321,7109.66,8.18,58454.44,1,1,1,
768.68,0.041129,6,4,39.63,128,5202.89,2.91,44919.27,0,0,-1,
555.79,0.013856,4,9,14.32,110,1625.02,6.4,40129.79,0,0,-1,
745.71,0.013756,6,4,115.06,318,2157.83,2.01,53001,0,0,-1,
623.32,0.004217,3,8,495.47,269,334.56,5.19,43679.75,1,1,1,
997.32,0.008479,8,2,261.05,314,7940.14,9.95,31698.86,1,1,-1,
369.98,0.006313,7,9,191.72,200,9973.77,6.49,21911.49,1,1,-1,
698.95,0.005677,7,9,15.17,69,4134.5,6.03,55440.48,1,1,1,
910.17,0.002837,1,4,260.67,182,4690.58,1.16,21802.95,1,1,-1,
93.72,0.046443,5,9,77.48,77,1810.29,5.19,20121.87,1,1,-1,
995.77,0.015254,4,1,469.68,146,5372.12,5,25632.3,0,0,1,
911.55,0.005909,2,3,186.67,67,8239.82,9.61,51952.8,0,0,1,
658.47,0.002363,9,6,454.02,151,4753.48,2.41,22307.83,1,1,-1,
775.23,0.009949,9,2,163.89,325,3106.64,2.88,29513.74,0,0,-1,
444.32,0.026499,3,8,294.97,356,4836.22,9.11,11052.21,0,0,1,
181.03,0.013293,8,7,170.46,126,3504.47,0.38,17738.71,0,0,-1,
123.44,0.045392,6,9,7.98,220,1.5,1.46,56817.53,0,0,-1,
433.11,0.023597,1,1,452.51,156,9225.37,1.37,57137.25,1,1,-1,
386.31,0.015479,2,2,469.96,164,4068.27,9.34,15376.04,0,0,1,
832.37,0.003325,7,3,374.82,137,7073.1,6.17,50441.24,1,1,1,
242.46,0.034101,4,5,4.76,168,4472.52,2.41,48469.03,1,1,1,
849.43,0.042235,2,8,263.43,45,69.74,5.53,48284.78,0,0,-1,
872.01,0.020316,4,8,380.11,237,1528.77,3.16,50556.15,1,1,1,
138.65,0.046054,7,1,192.51,76,2932.42,3.85,11908.26,0,0,1,
362.81,0.015865,6,4,205.7,258,981.2,8.17,15824.05,0,0,-1,
368.06,0.039519,5,1,409.06,113,3122.39,8.87,50237.24,1,1,-1,
69.89,0.049548,2,6,115.16,170,2251.21,1.13,19320.88,0,0,-1,
556.31,0.010127,9,7,487.44,88,2633.96,0.77,51689.37,1,1,-1,
409.03,0.018879,8,6,25.95,53,5429.33,6.7,3922.07,1,1,1,
259.79,0.040811,7,4,456.94,343,8951.15,4.3,37358.33,1,1,1,
21.42,0.046578,2,6,323.37,216,3807.15,3.81,31667.04,1,1,-1,
31.72,0.028922,4,7,92.19,13,5579.49,8.83,43669.04,0,0,-1,
952.83,0.001928,9,5,287.85,321,2131.34,9.11,11482.74,0,0,-1,
847.27,0.038328,5,4,246.19,118,6852.96,4.82,21014.6,1,1,-1,
10.72,0.015577,4,9,297.47,39,1218.08,4.71,41550.83,1,1,-1,
124.75,0.01791,9,1,407.23,25,2834.64,6.16,4632.43,1,1,1,
890.45,0.031417,3,6,431.47,86,1815.13,6.17,56164.99,0,0,1,
263.64,0.001212,8,3,282.74,117,1668.51,0.86,46316.07,0,0,-1,
120.19,0.039406,3,1,449.36,360,8549.06,8.11,10473.56,1,1,1,
377.16,0.047198,6,7,299.84,101,8517.77,9.92,11475.75,1,1,1,
800.28,0.03964,5,6,310.5,240,3500.23,5.89,56694.38,0,0,-1,
138.9,0.048687,4,5,56.14,361,7289.06,7.91,43834.14,1,1,1,
533.54,0.019699,2,8,217.25,217,6682.57,3.62,32511.22,1,1,-1,
856.87,0.004266,2,5,470.78,291,4865.68,3.86,40287.73,0,0,-1,
309.61,0.040818,1,2,79.33,345,706.03,3.86,47939.92,0,0,1,
982.68,0.032702,6,4,396.41,344,5546.41,2.96,16964.39,1,1,1,
588.63,0.009124,8,4,175.49,162,3062.04,9.56,24980.57,0,0,-1,
894.35,0.011656,6,4,13.88,303,4549.86,6.03,1474.3,1,1,1,
165.84,0.021652,6,5,257.67,215,9592.98,3.79,48956.04,1,1,1,
131.88,0.044414,6,7,237.57,14,970.43,4.11,23254.27,0,0,1,
468.97,0.001615,3,8,191.54,161,8907.74,3.36,49235.11,1,1,1,
611.14,0.01328,5,6,176.55,29,3278.72,7.29,5324.93,0,0,1,
230.9,0.021383,6,7,277.29,204,445.93,7.92,56213.88,1,1,-1,
592.48,0.027247,9,6,202.98,340,3166.41,7.16,4785.95,0,0,-1,
258.42,0.039717,1,5,203.45,93,5824.32,5.33,29967.58,0,0,-1,
822.55,0.020252,4,2,151.67,134,7087.17,6.75,17112.8,0,0,1,
437.33,0.027205,2,7,411.44,244,9708.24,9.74,55795.09,0,0,-1,
241.63,0.042354,4,6,205.26,137,4338.04,2.28,57403.34,0,0,1,
611.42,0.043527,2,8,226.56,57,3801.72,2.55,34715.55,1,1,1,
211.72,0.046446,3,7,435,170,4560.22,6.58,8541.9,1,1,-1,
133.7,0.0204,7,8,136.29,124,7541.89,1.99,48471.53,1,1,-1,
31.15,0.032554,4,9,91.99,19,940.28,2.05,30198.25,1,1,-1,
647.85,0.027449,1,4,315.85,305,8448.75,2.02,37952.47,1,1,-1,
104.37,0.03633,7,3,27.1,211,4146.37,6.52,55331.38,0,0,1,
533.95,0.028371,2,9,79.19,137,4123.57,4.91,6544.06,1,1,1,
743.32,0.031774,9,2,220.16,116,5428.16,0.74,40953.64,1,1,1,
493.76,0.044833,2,1,225.4,275,6629.69,4.88,49483.25,0,0,1,
910.28,0.036573,2,2,251.24,267,8997.36,4.82,3528.85,0,0,1,
628.59,0.036569,9,3,142.57,264,4690.88,0.21,1368.28,0,0,1,
845.43,0.044836,3,9,11.23,91,9424.44,0.92,25539.56,1,1,1,
271,0.007703,9,2,63.51,26,4633.36,7,18376.1,0,0,-1,
997.38,0.005037,7,8,440.36,212,5467.56,9.24,28929.88,1,1,-1,
396.44,0.03975,5,1,295.98,166,7206.12,1.11,54081.79,0,0,-1,
470.82,0.008099,1,3,343.02,47,3983.32,3.78,55234.75,0,0,1,
336.83,0.043216,8,2,170.56,24,7771.98,5.28,10366.29,0,0,1,
63.66,0.041831,9,1,154.52,125,1314.59,9.16,5778.62,1,1,1,
265.71,0.009557,8,2,183.99,128,3823.33,2.66,11785.01,1,1,-1,
117.32,0.006123,5,7,498.71,319,6933.43,7.62,22984.12,0,0,-1,
646.4,0.039348,1,4,201.78,207,7931.82,7.58,15812.18,0,0,-1,
123.8,0.044796,8,2,109.29,237,8299.88,0.77,39913.04,0,0,-1,
564.3,0.009922,5,1,281.15,134,8745.43,8.21,11614.19,0,0,-1,
344.05,0.03525,5,1,273.05,330,131.54,8.22,54404.63,0,0,-1,
892.7,0.040082,2,3,416.53,190,204.48,1.64,21610.45,0,0,-1,
362.83,0.037434,2,2,103.22,252,2454.58,6.98,8877.24,0,0,1,
489.63,0.023628,4,5,417.48,105,788.62,1.85,40039.78,0,0,-1,
41.66,0.046072,7,4,300.24,316,3128.22,5.04,8162.41,0,0,-1,
928.81,0.016013,2,4,81.97,6,5416.75,6.02,15261.69,0,0,1,
470.54,0.017317,2,8,441.36,301,6990.33,4.97,15238.05,0,0,1,
167.38,0.012661,1,7,478.5,164,4929.22,7.14,29331.84,1,1,1,
211.38,0.018047,3,8,431.1,106,6053.34,2.63,23637.6,0,0,1,
128.51,0.00459,8,7,436.08,70,165.99,4.43,23073.91,1,1,-1,
388.34,0.045361,3,6,177.78,34,8183.07,8.7,45816.23,1,1,1,
859.45,0.028871,4,3,384.92,85,6819.61,7.01,1390.12,1,1,1,
903.59,0.0129,2,1,28.47,25,8388.52,3.07,44298.18,0,0,1,
588.51,0.026565,3,4,153.97,302,3996.44,6.15,55998.18,0,0,-1,
650.75,0.026043,1,3,121.17,119,8566.7,2.08,15645.89,0,0,1,
801.34,0.036306,3,2,492.58,165,6159.84,0.29,7918.34,0,0,1,
201.16,0.021753,6,8,331.5,198,2409.16,3.86,5966.46,0,0,-1,
658.8,0.022323,5,9,416.07,70,9583.55,4.19,35148.32,1,1,-1,
990.76,0.042205,2,6,267.82,337,118.26,6.9,51281.9,0,0,1,
127.96,0.027075,5,7,497.7,129,2620.46,6.77,19230.43,0,0,1,
244.73,0.042681,1,4,388.33,346,9908.44,1.72,46727.51,0,0,-1,
9.47,0.01628,4,6,19.76,327,2947.72,9.96,40596.46,0,0,-1,
133.27,0.04894,3,4,228.25,287,1758.09,4.32,32760.37,0,0,1,
621.21,0.027877,8,4,192.37,155,2057.13,5.04,36700.24,1,1,1,
347.97,0.022852,9,1,356.05,229,141.25,8.27,1254.05,0,0,1,
389.12,0.005157,5,7,89,243,2256.72,4.42,6835.85,1,1,-1,
353.59,0.013458,1,6,474.13,222,2429.4,8.38,8745,1,1,-1,
724.85,0.007398,5,1,325.77,23,9667.75,0.99,45397.55,0,0,1,
733.43,0.016584,3,2,83.5,145,6045.14,0.66,53595.15,0,0,1,
277.7,0.04297,9,4,205.02,234,1188.75,2.57,56671.56,0,0,-1,
209.16,0.048669,3,1,141.61,361,1158.59,0.93,39394.89,0,0,1,
254.01,0.017199,3,6,139.94,118,3049.61,6.52,58123.7,1,1,1,
317.61,0.045639,5,6,336.99,176,44.94,1.81,44972.02,0,0,1,
657.58,0.004754,8,7,76.91,94,2445.82,1.39,8329.37,1,1,1,
848.82,0.002286,7,6,339.89,221,4695.89,9.25,57290.13,0,0,-1,
678.32,0.01643,7,5,110.72,65,1974.54,6.4,19235.85,0,0,-1,
80.81,0.034684,3,7,142.74,161,4318.12,9.28,50423.52,0,0,-1,
808.96,0.026059,1,2,11.03,56,5821.77,7.97,26698.75,1,1,1,
558.27,0.012265,2,3,417.56,153,440.95,3.37,46776.87,1,1,-1,
519.13,0.005003,9,1,191.75,125,9571.15,8.97,46632.78,0,0,-1,
843.93,0.010825,7,5,8.81,215,5347.56,9.51,53451.7,1,1,1,
381.74,0.035317,7,7,273.86,301,5350.77,8.81,1325.34,1,1,1,
336.63,0.01856,7,3,219.96,167,4743.67,5.28,24291,1,1,1,
151.76,0.04838,9,4,108.69,318,1191.06,5.3,53125.49,0,0,1,
981.73,0.021097,3,4,65.56,11,4059.81,6.48,20061.42,0,0,-1,
301.48,0.04239,2,2,445.51,25,4792.78,8.15,23248.84,1,1,1,
124.42,0.009315,3,4,493.51,1,8263.17,9.51,41839.12,1,1,-1,
201.66,0.017718,9,3,381.37,1,8310.13,8.09,58863.79,1,1,-1,
734.81,0.044454,2,2,284.7,28,237.53,9.45,49345.68,1,1,1,
863.12,0.029201,2,9,77.08,135,3944.63,9.91,58880.56,0,0,1,
490.74,0.048724,1,3,395.08,308,1887.6,2.19,26575.18,1,1,-1,
90.42,0.038717,6,4,364.69,40,544.7,2.16,21577.8,0,0,1,
866.32,0.033321,6,2,6.79,151,1377.93,1.63,29643.26,0,0,1,
696.07,0.022403,8,9,353.18,255,6099.1,2.71,46077.38,1,1,1,
960.44,0.028803,4,3,213.52,114,1302.33,3.36,16230.75,0,0,-1,
746.63,0.006563,6,1,46.47,194,8323.04,8.32,22992.19,1,1,-1,
407.4,0.034893,2,4,157.22,259,6272.27,6.07,18511.93,0,0,1,
482.21,0.030415,3,6,116.85,166,7184.4,7.88,31127.63,1,1,1,
815.93,0.048651,5,1,68.19,58,1412.68,6.45,14664.68,0,0,1,
262.79,0.012808,6,8,407.36,88,3459.41,3.27,44668.58,0,0,-1,
772.74,0.016224,2,8,421.59,175,1827.99,4.83,54456.07,0,0,-1,
332.85,0.003905,8,6,223.3,130,2607.1,0.99,47074.49,1,1,1,
13.32,0.006622,1,5,151.35,15,2194.15,8.24,30700.47,1,1,1,
212.83,0.006181,6,2,110.5,204,6951.28,0.3,11622.04,1,1,-1,
553.62,0.030483,7,5,389.17,227,2894.59,0.68,19905.17,1,1,-1,
831.12,0.004976,5,5,243.96,201,315.28,7.77,47290.73,1,1,-1,
373.53,0.016385,4,8,28.95,124,6838.32,6.44,7508.48,1,1,1,
385.91,0.003277,8,2,287.61,328,8515.91,2.51,57809.71,1,1,-1,
37.06,0.036459,2,8,272.99,23,7383.11,6.97,38336.47,1,1,1,
296.63,0.04982,6,9,113.32,164,9358.31,6.73,34059.49,0,0,-1,
431.39,0.034344,9,7,152.19,47,3050.68,0.58,23822.37,0,0,-1,
187.17,0.023223,3,6,121.65,26,8213.99,5.3,58258.85,0,0,1,
841.37,0.017058,1,4,41.85,332,7832.11,0.23,27356.62,0,0,-1,
905.72,0.03633,8,4,360.46,110,2654.33,2.47,16632.68,1,1,-1,
712.38,0.042037,1,3,106.77,50,7324.04,1.89,42195.44,0,0,1,
460.52,0.00743,9,8,234.08,316,2364.7,1.41,13383.24,1,1,1,
834.49,0.014487,5,8,217.57,44,3762.26,5.28,57878.96,0,0,1,
232.5,0.012875,3,4,131.79,303,7824.44,6.23,44660.98,0,0,-1,
675.42,0.032605,1,6,414.82,306,3009.22,1.08,38615.49,0,0,-1,
50.39,0.001807,8,6,23.33,308,5900.38,3.17,32406.13,1,1,-1,
70.56,0.011083,6,9,20.72,312,495.74,3.31,3180.66,1,1,-1,
503.35,0.038652,3,4,60.77,189,3992.48,1.75,47494.01,0,0,-1,
855.66,0.035297,8,7,65.35,100,5191.19,8.43,27927.34,0,0,1,
810.67,0.045119,6,4,233.72,200,3596.34,7.37,54986.46,0,0,-1,
126.32,0.012634,4,5,429.03,353,8049.53,0.75,54278.73,0,0,1,
581.65,0.033603,2,7,445.42,250,5844.92,7.63,36602.96,1,1,1,
84.27,0.021301,4,7,42.52,210,2380.17,9.82,44358.97,1,1,-1,
583.88,0.031189,5,4,239.05,283,6153.22,8.29,15202.59,0,0,-1,
819.79,0.003123,8,4,363.36,364,909.91,4.66,440.96,1,1,-1,
547.13,0.049031,2,3,73.93,45,9994.69,5.61,32284.91,0,0,-1,
707.45,0.017229,9,9,478.72,292,4416.65,7.34,4022.14,1,1,-1,
245.15,0.03347,2,2,252.21,349,1014.17,4.45,52518.03,0,0,1,
594.5,0.024825,5,4,13.3,258,8979.9,0.62,22185.49,0,0,1,
497.56,0.047248,3,9,385.84,324,5233.61,1.05,16551.63,0,0,-1,
643.52,0.01011,2,8,403.91,92,5027.49,4.55,55177.94,1,1,-1,
352.84,0.037136,6,4,56.62,299,5240.57,3.31,38343.5,1,1,1,
389.33,0.008191,4,3,71.79,328,6780.43,5.06,33409.89,0,0,1,
593.38,0.0265,4,7,73.25,29,2346.01,9.18,6406.39,1,1,1,
727.37,0.022033,5,9,43.42,351,3992.72,6.73,45527.17,1,1,-1,
217.62,0.014021,7,1,135.35,226,4548.34,2.2,20248.53,1,1,-1,
930.45,0.017201,9,2,122.92,224,9723.91,4.01,4221.6,1,1,-1,
112.38,0.009836,5,7,176.07,129,4208.75,8.45,18437.99,1,1,-1,
526.46,0.007363,3,2,355.95,70,4381.06,3.57,46666.13,1,1,-1,
982.43,0.042574,2,1,5.85,225,9501.52,9.72,25860.71,0,0,-1,
987.52,0.012935,3,1,39.12,80,5856.06,3.91,58911.1,0,0,1,
999.1,0.003798,6,3,260.25,164,2714.55,9.74,41920.13,1,1,-1,
515.4,0.024064,7,5,419.56,345,3831.63,6.57,55341.27,1,1,1,
399.58,0.028237,8,2,120.67,6,4838.68,3.62,10450.81,1,1,-1,
950.36,0.03411,3,4,423.07,240,8074.09,6.11,42357.89,1,1,-1,
777.48,0.023118,2,2,265.91,172,1393.79,1.58,13416.4,0,0,1,
344.86,0.006837,9,4,67.28,135,9601.71,5.69,921.33,1,1,1,
172.69,0.013575,8,4,245.58,246,7169.05,7.14,22819.32,0,0,1,
382.15,0.011147,6,9,477.9,227,7272.27,7.28,39883.45,1,1,-1,
925.91,0.049114,4,3,102.96,303,6282.78,5.9,46145.37,0,0,-1,
303.2,0.035896,6,2,312.9,351,961.39,5.81,44038.32,1,1,-1,
524.62,0.002043,8,3,117.54,284,6898.34,3.06,30919.18,0,0,-1,
655.4,0.037508,2,5,88.57,305,4267.39,5.6,27909.76,1,1,-1,
598.65,0.014995,4,5,50.94,337,3320.25,5.23,6117.58,1,1,-1,
981.26,0.035095,6,7,182.44,219,1499.67,8.77,13851.48,0,0,-1,
897.82,0.03759,5,2,61.41,121,4719.27,5.33,13104.15,1,1,1,
191.02,0.029569,6,2,213.42,216,2972.44,2.91,45962.58,1,1,-1,
942.35,0.014094,4,5,198.4,138,7376.51,0.06,44329.84,1,1,-1,
582.12,0.038551,3,1,385.79,221,2344.5,3.11,50657.2,1,1,-1,
112.57,0.011506,8,4,132.71,122,3142.69,6.91,52717.65,0,0,-1,
600.79,0.020544,3,8,341.1,311,2410.63,8.72,6316.04,1,1,1,
727.81,0.015074,6,1,230.48,65,8628.52,9.04,32084.92,1,1,-1,
78.97,0.028656,1,1,374.06,238,6802.02,0.02,33179.24,1,1,-1,
166.69,0.01543,9,6,184.43,142,2392.12,2.46,44205.65,1,1,-1,
989.81,0.042887,9,8,295.12,236,5142.34,8.73,2518.6,1,1,-1,
631.31,0.034377,2,2,155.36,311,9901.12,5.51,31017.43,0,0,1,
225.55,0.027763,4,9,305.59,351,7644.27,4.43,17311.06,0,0,-1,
276.93,0.013669,4,8,59.49,215,7599.11,4.75,43453.34,0,0,1,
518.58,0.026112,2,5,17.49,191,8410.67,9.65,45854.16,1,1,1,
557.78,0.006758,7,9,371.91,99,5472.02,8.54,19453.38,1,1,-1,
154.97,0.011884,5,5,466.69,356,4202.07,3.43,52475.21,1,1,-1,
997.73,0.014209,5,3,308.67,214,1377.12,7.5,59296.95,0,0,1,
833.71,0.029778,8,4,326,279,8709.82,2.99,24606.13,1,1,1,
422.33,0.042787,8,3,307.8,128,8651.75,0.51,36300.67,1,1,1,
290.82,0.022416,2,6,47.89,299,8896.7,3.7,32113.1,1,1,1,
400.4,0.007624,2,2,454.31,177,6974.6,6.47,17432.99,0,0,1,
349.11,0.034921,9,8,434.44,19,1530.35,1.67,54509.19,0,0,1,
710.16,0.020271,1,4,92.31,17,9254.39,5.2,45818.98,0,0,-1,
7.17,0.018247,1,7,477.28,196,1589.54,9.54,42497.52,1,1,1,
325.6,0.005538,3,8,150.78,273,5003.62,3.08,46451.47,0,0,-1,
743.11,0.033156,9,7,134.44,223,6881.99,1.78,45036.77,1,1,1,
304.88,0.014053,1,3,253.65,311,1619.41,1.57,692.4,0,0,1,
583.92,0.021702,6,2,486.57,208,4912.9,8.08,54751.1,1,1,-1,
609.84,0.043257,4,7,92.71,106,1892.08,7.58,49929.27,1,1,-1,
416.07,0.046986,1,9,186.71,305,8146.47,6.62,52868.76,0,0,-1,
402.41,0.034103,3,8,115.22,74,1277.37,2.27,17768.29,0,0,-1,
106.11,0.027623,7,8,389.41,49,9437.86,6.79,16170.36,1,1,-1,
824.47,0.013408,7,1,71.29,125,8159.85,1.88,35118.59,0,0,-1,
365.94,0.016075,4,6,445.55,294,6237.1,8.12,2179.42,0,0,1,
351.04,0.031631,5,4,34.86,181,3735.39,1.65,22379.92,1,1,-1,
567.38,0.038825,4,1,178.86,364,4909.54,3.2,24628.48,0,0,-1,
464.03,0.014076,4,2,109.38,253,5082.08,0.64,14648.11,0,0,1,
423.48,0.044979,6,3,76.08,357,2551.67,3.44,58191.54,0,0,-1,
25.25,0.016152,3,9,343.04,310,3925.38,0.51,5768.04,0,0,-1,
976.49,0.014703,7,3,134.92,330,3905.12,0.92,9514.63,1,1,1,
622.62,0.021486,7,7,83.67,306,270.41,8.35,55505.54,0,0,-1,
543.31,0.046861,5,9,332.56,285,3069.51,4.6,58150.33,0,0,1,
76.8,0.011626,2,7,228.74,74,8875.51,2.62,110.32,1,1,-1,
542.2,0.03286,3,3,465.4,181,9079.46,6.52,25691.36,1,1,-1,
401.97,0.032634,4,9,362.39,310,1684.88,0.12,38894.22,1,1,1,
374.69,0.021475,9,5,17.06,66,2983.9,7.3,1013.51,1,1,1,
968.66,0.018929,6,5,288.69,341,3636.81,4.13,10772.71,0,0,-1,
345.93,0.018364,5,8,367.3,359,3284.84,2.66,39612.93,1,1,-1,
44.13,0.041894,5,4,156.95,149,2510.1,8.97,41389.58,0,0,-1,
796.01,0.029061,8,8,252.79,186,5561.43,0.02,12360.63,1,1,1,
607.58,0.026138,5,2,334.51,327,5098.3,2.59,17589.62,1,1,1,
815.85,0.039445,8,3,409.61,63,7569.98,8.13,8987.42,0,0,-1,
529.43,0.019637,3,4,85.47,123,8844.76,3.26,27969.19,0,0,1,
867.58,0.011973,9,4,130.87,5,3602.69,5.54,52800.3,1,1,-1,
198.82,0.044171,4,9,329.76,38,9507.79,9.86,56468.18,0,0,-1,
947.56,0.02272,3,7,186.36,312,3871.47,6.2,23868.81,1,1,1,
631.81,0.036667,4,8,74.02,349,3556.61,1.27,21074.68,1,1,-1,
576.63,0.016537,3,2,410.38,352,9338.1,6.02,11726.4,0,0,1,
192.67,0.010441,5,5,121.17,175,9964.78,5.55,16299.38,0,0,1,
913.84,0.045885,6,1,234.63,214,1333.74,4.31,42566.44,0,0,-1,
549.72,0.030438,5,9,383.31,219,194.72,0.79,9436.6,1,1,1,
469.03,0.029344,2,8,13.27,216,8115.8,2.29,50015.25,0,0,1,
409.61,0.015925,1,6,169.8,196,3887.79,4.24,35747.24,0,0,-1,
957.98,0.03527,3,9,204.91,120,6399.42,0.43,29774.42,1,1,1,
933.7,0.034953,7,7,114.25,360,5540.12,0.8,23023.16,0,0,-1,
299.1,0.04913,4,8,217.57,272,1051.21,3.69,5166.19,0,0,-1,
0.9,0.015925,8,5,431.71,57,3978.12,5.17,16135.78,0,0,-1,
306.86,0.031858,3,2,97.3,262,665.88,5.91,987.14,1,1,-1,
818.89,0.03583,5,1,175.22,17,7503.75,4.65,56638.12,0,0,1,
396.26,0.012502,5,6,379.34,224,7265.57,8.93,52300.03,1,1,-1,
867.18,0.041949,6,9,129.04,4,5531.03,0.46,40129.33,1,1,1,
922.4,0.022843,9,3,425.16,205,6317.73,2.5,8803.66,0,0,1,
520.38,0.044283,9,9,335.19,303,7717.34,5.1,59581.92,1,1,1,
198.89,0.013289,6,2,485.91,66,5797.68,5.8,24645.45,1,1,-1,
799.3,0.037403,9,7,17.97,235,7763.89,2.83,48523.12,1,1,1,
40.98,0.01187,5,9,311.85,258,777.21,3.71,28453.5,0,0,-1,
593.21,0.018758,6,2,460.1,273,1248.69,8.8,38317.81,0,0,1,
9.27,0.033832,2,2,223.3,331,2587.98,7.18,51630.39,0,0,1,
734.6,0.024571,7,7,406.61,361,1908.13,2.96,25841.18,0,0,1,
257.26,0.043291,8,6,303.53,273,8689.32,0.07,38375.29,0,0,-1,
788.68,0.022986,1,9,138.46,112,254.24,4.16,22514.19,1,1,-1,
388.13,0.005293,1,4,65.38,251,6.65,0.84,3351.66,0,0,1,
918.86,0.026155,9,8,122.18,261,7179.84,5.22,50571.06,0,0,-1,
513.3,0.045679,8,1,274.39,257,6936.83,1.28,27817.4,0,0,-1,
484.76,0.01942,7,9,28.12,41,5317.37,6.69,15944.45,1,1,1,
377.44,0.043554,8,2,414.39,100,7706.57,2.09,45691.62,1,1,1,
521.39,0.04124,8,3,73.61,112,4988.79,3.41,23174.09,0,0,1,
471.02,0.02877,8,3,239.84,127,7496.66,2.14,16919.32,1,1,1,
380.46,0.038206,6,6,440.32,343,2550.47,3.42,20116.44,1,1,-1,
59.61,0.027195,1,5,395.22,40,9377.39,1.01,32057.82,0,0,1,
972.87,0.038244,2,7,25.15,309,8194.72,7.09,35251.1,1,1,-1,
737.48,0.041283,6,5,482.6,97,2375.96,9.72,36356.02,1,1,-1,
572.03,0.042232,3,3,185.11,250,6334.41,6.28,6607.53,0,0,-1,
70.26,0.00571,5,4,359.93,34,8420.36,4.23,7518.06,1,1,1,
129.85,0.005257,3,3,192.25,16,3161.37,8.89,49757.28,0,0,-1,
194.15,0.031127,8,5,334.79,252,779.28,7.8,4200.96,1,1,-1,
446.58,0.022529,2,3,216.32,22,5985.89,7.34,24512.79,0,0,-1,
972.77,0.008764,8,7,453.87,45,6250.7,2.78,56490.25,0,0,1,
265.12,0.011142,3,7,75.32,218,3490.65,1.41,27381.81,0,0,1,
455.45,0.004965,3,8,68.26,11,6940.07,3.31,43391.87,1,1,1,
492.18,0.041372,2,1,178.1,181,1932.76,7.62,57245.94,1,1,1,
201.85,0.044429,2,8,62.29,250,8089.95,5.66,37465.03,0,0,-1,
790.15,0.003139,8,4,45.35,60,7729.04,2.05,32482.9,1,1,1,
197.43,0.03816,9,1,63.97,338,5566.37,7.05,31140.06,0,0,-1,
827.23,0.020935,7,8,229.37,127,110.79,1.7,19347.27,0,0,-1,
765.54,0.011305,8,4,141.72,111,2393.93,7.38,10151.93,0,0,1,
758.7,0.035126,7,9,138.67,311,8058.85,5.9,15774.2,0,0,1,
761.62,0.007491,8,9,431.99,323,5993.73,2.4,32932.6,1,1,1,
195.95,0.045174,6,2,414.02,115,2613.81,7.2,17883.63,0,0,-1,
25.47,0.020788,9,5,103.47,132,821.74,8.14,31447.85,0,0,-1,
333.72,0.040621,2,7,411.52,142,407.33,0.64,12807.78,1,1,1,
527.41,0.040733,7,3,442.89,56,7403.86,5.06,32540.9,0,0,-1,
613.36,0.03233,4,8,391.54,68,3741,0.82,17283.05,0,0,-1,
291.03,0.044474,7,4,292.26,320,8204.14,8.65,47209.69,1,1,1,
60.9,0.038106,2,1,287.77,353,8963.35,6.35,41255.16,0,0,-1,
587.57,0.031256,1,4,273.09,363,6698.38,5.7,15872.46,1,1,1,
950.17,0.034565,4,2,82.4,73,7546.67,8.52,19030.19,0,0,-1,
983.3,0.045929,7,1,128.64,123,197,1.65,16586.1,0,0,1,
161.95,0.044501,6,6,258.7,191,4572.94,7.91,16759.4,1,1,-1,
550.6,0.046801,9,5,357.86,21,9451.54,0.76,21604.21,0,0,1,
657.36,0.012605,9,4,175.87,107,1786.64,9.5,3139.88,1,1,-1,
673.12,0.021876,5,4,304.99,265,5498.69,4.99,3092.66,0,0,-1,
458.81,0.013779,4,2,82.01,37,7463.71,0.44,17716.32,0,0,-1,
27.85,0.028447,1,9,34.47,251,4940.27,0.55,2573.03,1,1,1,
114.65,0.039575,3,1,107.54,154,9012.25,4.86,1910.61,0,0,1,
938.52,0.029615,2,4,125.12,155,4203.88,5.46,31161.97,0,0,-1,
960.56,0.004578,4,7,344.86,330,7415.25,0.83,30039.7,0,0,-1,
826.02,0.007054,3,6,397.75,307,9807.54,4.05,6706.78,1,1,1,
764.56,0.015407,7,5,483.56,261,3056.63,2.71,26412.25,1,1,1,
621.5,0.003246,4,2,167.89,101,9321.51,7.28,5910.63,0,0,-1,
473.64,0.049901,2,8,388.94,115,6169.22,9.48,21660.54,1,1,1,
577.85,0.00137,5,1,193.28,126,5890.94,8.29,38929.36,1,1,1,
991.9,0.013914,2,7,462.26,248,6366.23,5.78,32651.17,1,1,-1,
386.51,0.027844,5,4,423.46,317,8669.32,6.2,521.54,0,0,1,
564.05,0.049876,1,9,194.86,136,1821.12,3.12,34946.39,1,1,-1,
159.24,0.028291,9,3,437.04,74,5763.37,6.43,50547.73,1,1,-1,
262.78,0.039055,7,2,160.13,313,4044.68,6.49,58976.91,1,1,1,
476.29,0.03995,5,4,201.89,56,9499.98,0.3,49613.54,1,1,1,
807.36,0.046236,7,7,71.74,201,6806.48,9.79,34898.87,1,1,-1,
454.61,0.047257,9,9,430.03,216,5862.06,1.62,35069.91,1,1,1,
588.12,0.01027,6,6,312.47,281,6023.56,6.93,48575.27,1,1,-1,
489.08,0.036937,5,1,403.02,185,6044.02,5.25,19408.72,0,0,1,
29.71,0.009775,8,8,126.36,255,51.68,2.16,36485.1,1,1,1,
257.11,0.00321,2,3,118.64,314,3624.89,8.19,9727.6,1,1,-1,
861.1,0.042354,8,8,344.74,306,2991.04,2.49,51588.03,1,1,1,
648.53,0.03211,3,6,61.46,270,1927.04,1.26,20685.75,0,0,1,
17.32,0.001496,5,4,177.86,92,7684.55,4.47,23316.62,0,0,-1,
969.96,0.002353,1,1,262.63,81,7003.18,3.51,10001.13,1,1,-1,
852.96,0.021121,7,2,331.38,78,7868.72,7.88,33934.1,0,0,1,
520.38,0.035237,7,8,190.26,209,1881.79,5.06,57531.57,1,1,-1,
14.33,0.013237,4,3,264.84,105,3956.79,2.73,8548.48,0,0,1,
884.39,0.046603,6,6,36.86,343,2390.68,3.08,2541.04,0,0,-1,
637.77,0.026968,8,3,107.46,326,9363.6,9.78,333.31,1,1,1,
373.28,0.012518,9,3,158.97,311,8949.87,0.58,17852.73,0,0,-1,
175.79,0.002902,1,3,49.93,242,8473.12,5.77,11842.64,0,0,1,
604.25,0.01396,8,8,159.92,339,361.27,7.49,19922.8,0,0,-1,
361.73,0.012015,5,4,157.05,255,6991.46,7.15,57672.08,1,1,-1,
160.79,0.022676,3,8,172.38,222,947.24,5.87,33926.44,1,1,1,
340.89,0.038194,3,4,244.64,241,6307.23,1.57,16123.86,1,1,-1,
907.96,0.004344,2,7,437.68,334,2322.88,4.09,43773.77,1,1,-1,
893.68,0.001864,5,6,438.65,257,68.97,9.28,30102.2,1,1,-1,
940.03,0.014222,9,5,446.36,353,6686.25,8.1,42821.02,1,1,-1,
700.02,0.011868,3,4,335.74,114,3249.94,4.59,3571.33,1,1,1,
676.74,0.006252,4,7,128.98,208,7908.26,1.12,33443.42,1,1,1,
145.97,0.04927,6,6,385.84,255,3588.18,0.46,21902.86,0,0,-1,
313.65,0.033822,3,2,416.54,235,4897.1,6.95,32520.49,1,1,-1,
595.26,0.030223,7,4,43.44,158,6491.92,5.42,51950.08,1,1,1,
138.86,0.032891,3,6,222.21,311,5059.06,4.81,24588.17,1,1,-1,
893.03,0.044011,6,1,494.41,166,4092.95,0.12,20763.59,0,0,1,
759.11,0.003429,3,3,156.5,334,7959.14,9.75,29391.1,0,0,-1,
300.11,0.04795,7,9,396.22,71,6215.41,8.5,16300.86,0,0,-1,
79.86,0.031685,7,7,285.06,326,652.99,8.85,57422.46,1,1,1,
854.44,0.03695,2,1,261.14,92,3732.1,3.19,45774.3,0,0,1,
749.85,0.016022,5,6,479.14,51,3552.55,3.45,16529.54,0,0,-1,
45.8,0.017186,7,2,288.13,294,1952.81,8.98,30821.74,1,1,1,
931.25,0.015558,2,3,330.76,243,7040.33,0.06,57151.41,0,0,1,
59.91,0.044891,9,3,459.35,199,8379.7,2.65,14085.19,1,1,1,
181.93,0.029568,1,1,216.5,274,3140.65,6.39,2041.24,1,1,-1,
889.82,0.025799,4,1,230.16,2,3977.67,2.97,25664.87,1,1,1,
308.38,0.026064,5,7,32.27,279,6567.1,3.33,47415.68,0,0,-1,
751.98,0.025534,3,5,346.36,3,719.91,8.76,40996.79,0,0,1,
700.76,0.008923,8,9,97.23,18,7691.12,4.51,31459.14,1,1,-1,
141.71,0.025286,9,9,433.33,329,9861.08,3.79,43833.53,0,0,-1,
841.68,0.02356,9,9,317.63,344,9586.14,7.79,7279.34,1,1,1,
504.89,0.039121,7,2,21.92,277,1964.25,4.51,44501.84,0,0,1,
411.38,0.006031,5,6,317.53,125,4165.37,1.64,8872.93,1,1,1,
390.9,0.038995,1,7,25.79,262,2855.95,0.3,13656.26,1,1,1,
619.06,0.016387,3,7,283.32,204,8231.53,4.47,43247.8,1,1,1,
283.19,0.029434,4,4,496.41,129,1982,9.16,7817.49,1,1,1,
615.69,0.008317,1,9,376.26,31,3523.61,1.78,53939.66,0,0,-1,
129.37,0.038168,3,5,274.04,152,305.53,7.91,58640.91,0,0,-1,
944.63,0.02863,5,3,431.08,318,8286.7,7,40323.97,1,1,-1,
674.08,0.019359,9,2,183.27,19,2858.27,7.5,229.28,0,0,1,
721.03,0.023608,3,1,127.62,115,1281.32,6.64,49362.06,1,1,1,
242.05,0.048853,7,9,400.91,78,8263.33,6.53,6316.27,0,0,1,
480.7,0.039998,9,7,378.14,220,7400.95,1.73,33736.68,1,1,1,
331.51,0.00886,2,1,441.9,90,9724.36,2.19,33932.77,1,1,-1,
731.55,0.001696,8,1,297.93,61,965.05,7.41,38781.5,0,0,1,
336.4,0.022461,4,3,269.77,68,8044.09,9.32,43427.77,1,1,1,
133.45,0.024218,7,2,465.91,24,4626.48,3.87,27656.18,1,1,1,
269.15,0.048192,9,9,59.42,302,2342.32,1.95,28883.6,0,0,-1,
779.34,0.028636,8,6,13.14,3,6514.28,3.39,5548.41,1,1,1,
271.75,0.007577,6,1,358.61,45,4368.09,6.2,19711.66,1,1,1,
547.81,0.013436,1,3,448.05,29,6706.86,6.8,9320.73,0,0,1,
538.34,0.011538,4,5,335.42,334,7063.6,3.65,34617.44,0,0,-1,
87.32,0.024371,3,7,77.09,323,714.74,4.69,57014.61,1,1,1,
240.49,0.017464,9,3,197.14,234,3961.13,5.21,15804.59,0,0,-1,
815.5,0.049707,4,2,445.31,75,4028.08,9.64,39718.54,0,0,1,
753.12,0.035924,6,9,298.63,277,5328.93,9.59,54691.05,0,0,1,
396.63,0.028399,9,6,170.2,22,1360.3,4.07,25839.78,0,0,-1,
349.71,0.03521,2,8,244.59,14,2723.33,5.05,759.83,0,0,-1,
24.54,0.039486,5,4,314.91,131,7580.13,0.2,58712.35,0,0,1,
633.98,0.048435,5,5,463.02,238,1766.69,6.1,56881.92,0,0,-1,
733.33,0.002102,6,6,107.53,163,4362.57,5.93,4194.68,1,1,1,
968.74,0.012381,5,3,108.22,294,6653.37,2.81,24546.51,0,0,-1,
191.07,0.034779,1,5,490.98,173,7899.14,9.76,6823.09,0,0,1,
348.19,0.04871,8,2,474.72,342,877.66,8.44,24524.07,0,0,1,
264.4,0.018687,7,9,420.48,108,8155.55,3.48,38199.82,0,0,1,
643.01,0.042118,7,2,406.64,53,3889.12,6.12,35766.69,1,1,1,
870.48,0.026476,2,2,273.17,53,8495.18,8.89,46033.43,0,0,1,
895.3,0.015711,4,3,397.59,240,5352.04,2.51,38678.88,1,1,-1,
649.69,0.040793,7,6,316.64,83,4934.16,4.57,28932.01,0,0,1,
22.04,0.032611,5,4,270.19,171,9707.65,4.12,36232.42,1,1,-1,
829.19,0.006625,9,4,105.41,84,9971.09,6.86,18766.46,1,1,-1,
28.69,0.007562,2,2,252.38,213,4394.07,5.8,29548.43,0,0,1,
203.22,0.004172,6,5,153.5,315,9826.68,6.17,5913.07,0,0,-1,
262.85,0.043239,1,2,410.5,206,8721.06,8.09,26984.45,0,0,-1,
438.41,0.016575,5,2,92.19,176,739.55,3.96,21971.75,0,0,-1,
964.29,0.033686,1,2,164.17,165,9559.33,7.78,37190.55,0,0,1,
567.5,0.019517,5,4,438.39,278,5662.04,5.33,21386.26,1,1,-1,
350.18,0.043089,1,4,96.33,216,2688.31,2.17,57540.18,0,0,-1,
815.39,0.030052,5,5,271.95,182,2442.09,9.75,22464.57,1,1,1,
135.87,0.018672,5,5,468.96,292,3600.95,8.1,22131.13,0,0,-1,
873.58,0.030823,8,1,316.38,359,8760.31,4.84,17898.12,0,0,1,
306.22,0.019787,4,3,328.28,135,2630.98,0.43,14739,0,0,-1,
812.43,0.016246,8,2,479.39,325,2589.54,5.18,50560.01,0,0,1,
819.56,0.008743,5,2,487.23,237,9336.45,0.1,13713.47,0,0,-1,
353.54,0.035303,4,1,70.05,98,1014.1,0.64,38758.45,0,0,1,
120.5,0.022346,2,8,434.74,279,4126.02,2.08,11891.01,1,1,1,
850.16,0.008716,1,7,12.63,300,5027.09,3.33,25427.92,1,1,1,
668.35,0.006515,6,2,438.17,287,5905.88,2.13,13737,0,0,-1,
94.64,0.028656,4,5,481,15,4952.77,4.08,21198.82,0,0,1,
286.18,0.035945,1,2,305.2,188,6709.3,2.66,32967.17,1,1,1,
109.89,0.043531,3,1,386.74,91,3918.99,8.73,2989.59,1,1,-1,
507.25,0.02086,2,9,241.25,301,2447.24,7.03,14984.5,0,0,1,
903.66,0.024213,8,2,384.69,342,1428.32,9.84,26990.86,1,1,1,
221.2,0.029527,8,1,1.97,14,6635.83,1.56,37751.57,0,0,1,
399.93,0.018263,3,7,230.34,69,5360.88,2.25,50852.64,0,0,-1,
292.9,0.002138,2,7,110.12,120,4775.68,5.99,7757.36,0,0,1,
344.19,0.021513,9,6,391.29,237,2934.47,9.75,7330.77,1,1,-1,
996.76,0.041988,4,5,268.41,96,700.41,6.17,28595.9,1,1,1,
921.67,0.011372,6,4,62.44,90,2576.47,8.96,45938.97,0,0,1,
861.23,0.047705,2,4,360.64,99,371.57,7.69,13546.08,0,0,1,
302.01,0.016718,9,8,92.74,58,3918.87,0.31,37296.34,0,0,1,
181.17,0.012895,6,7,376.06,32,3627.53,5.78,27661.91,1,1,-1,
104.73,0.019529,2,7,46.84,63,6840.68,2.17,1519.63,0,0,1,
941.23,0.035474,8,5,340.11,168,7186.69,7.87,23309.8,1,1,-1,
55.67,0.026583,6,3,4.22,161,4297.79,9.18,15887.06,0,0,1,
769.18,0.011488,6,7,121.73,8,2358.01,2.8,53253.39,1,1,-1,
430.85,0.035978,1,7,410.62,77,5121.79,0.98,1539.6,0,0,1,
953.19,0.034399,9,9,255.1,269,7566.07,4.09,524,0,0,-1,
865.71,0.034216,1,3,440.97,219,8577.07,2.54,30134.59,0,0,1,
768.54,0.031078,1,9,421.22,91,2477.94,5.7,419.63,1,1,1,
715.97,0.019295,1,1,458.86,204,4935.35,9.3,15181.53,0,0,-1,
729.99,0.034808,6,8,453.28,274,9605.03,0.13,26344.24,0,0,1,
509.23,0.032831,4,8,253.69,332,4704.9,7.86,57901.94,1,1,1,
404.74,0.02877,7,9,67.62,210,8632.57,8.02,48512.04,0,0,-1,
635.11,0.023196,3,8,493.81,222,5520.63,5.11,31768.5,1,1,1,
100.21,0.041861,2,5,421.39,42,7881.11,7.91,47140.59,0,0,1,
165.02,0.00764,1,3,234.66,80,3611.81,3.93,26784.09,0,0,1,
981.63,0.009607,8,2,423.28,131,1258.53,6.11,58043.2,1,1,1,
294.35,0.006263,4,2,53,246,9383.62,9.83,51133.8,0,0,-1,
344.32,0.003087,6,7,83.31,259,5543.04,2.14,18739.06,0,0,-1,
160.4,0.021057,7,3,128.34,79,5418.13,6.51,5261.7,0,0,-1,
969.37,0.0359,1,6,322.68,116,9174.31,3.91,58232.17,0,0,1,
579.24,0.009933,8,7,37.29,256,7583.22,7.57,18518.98,0,0,-1,
612.68,0.047906,4,3,193.23,179,9561.62,5.68,26673.4,1,1,-1,
266.07,0.039351,9,4,1.53,192,8805.45,9.5,29500.17,1,1,1,
768.44,0.026291,6,2,172.98,151,483.07,6.83,7571.37,0,0,1,
83.43,0.028157,2,1,176.23,327,5881.92,1.06,5196.39,1,1,-1,
54.74,0.046891,9,4,463.86,80,3856.84,9.86,34499.55,1,1,-1,
190.59,0.010898,7,6,457.29,338,6341.78,0.97,57047.18,1,1,-1,
134.28,0.045446,9,5,250.52,348,2436.55,3.7,23319.77,0,0,-1,
423.21,0.017328,4,7,410.7,89,7597.36,5.7,15873.24,1,1,1,
240.63,0.040624,8,3,185.47,19,8884.6,8.62,18081.62,1,1,1,
758.37,0.044184,2,5,283.51,144,1973.13,6.66,54987.68,1,1,1,
174.99,0.001535,9,7,402.3,355,2347.8,6.77,34720.81,1,1,1,
686.33,0.025182,5,4,118.46,218,5637.71,2.24,26570.25,0,0,1,
950.72,0.002909,2,1,3.15,41,9534.5,3.42,17362.51,1,1,1,
923.19,0.006813,9,1,140.99,346,1108.78,9.81,48270.11,1,1,-1,
344.37,0.015277,2,4,458.5,118,9074.96,4.85,58071.82,1,1,1,
18.7,0.047203,8,7,64.52,234,5328.64,6.01,49155.42,1,1,-1,
977.6,0.001753,4,9,74.22,246,7907.77,9,50784.28,0,0,-1,
695.51,0.02745,6,6,345.02,335,327.73,9.89,50824.69,1,1,-1,
533.5,0.034691,1,2,71.3,317,4208.67,3.15,37779.76,1,1,1,
441.64,0.042238,8,3,71.35,38,6969.76,3.03,50121.51,1,1,1,
151.76,0.033204,1,3,89.38,344,1319.5,9.47,16004.43,1,1,-1,
980.92,0.033414,9,2,124.96,347,1002.74,6.36,13516.25,1,1,-1,
612.88,0.024545,3,8,78.27,123,6611.9,4.26,28910.17,1,1,-1,
627.44,0.025283,3,6,310.08,113,1116.13,0.22,35936.15,1,1,1,
259.5,0.00135,5,4,72.61,209,4973.4,3.61,25720.19,0,0,-1,
210.32,0.018667,2,4,382.67,253,6085.36,9.47,35382.78,0,0,-1,
563.61,0.030429,9,8,448.65,147,776.8,5.18,51599.55,1,1,-1,
651.81,0.04057,2,1,203.37,27,2811.38,1.63,31793.46,0,0,1,
520.55,0.038817,2,9,485.67,187,4984.48,6.51,18768.61,0,0,-1,
973.99,0.013684,5,1,338.81,322,4690.44,4.5,17216.87,1,1,-1,
345.17,0.012104,8,5,431.53,102,2470.24,3.5,38262.1,0,0,1,
859.08,0.043016,6,1,145.32,172,4393.15,4.69,36339.07,0,0,-1,
555.02,0.034247,4,8,326.41,234,4049.55,3.63,30752.42,0,0,1,
488.41,0.00852,3,9,142.69,102,7634.9,3.37,5196.69,0,0,1,
401.33,0.041616,6,8,253.34,70,524.86,1.35,19512.3,0,0,1,
568.16,0.017892,7,9,179.53,116,3609.03,4.82,27334.39,1,1,1,
428.02,0.003241,5,9,95.27,343,1198.98,0.95,2017.49,1,1,-1,
552.93,0.021763,8,5,22.92,268,1568.53,3.58,31424.18,1,1,1,
715.78,0.032048,4,2,165.11,149,3643.55,6.17,13208.49,0,0,1,
510.38,0.005758,3,5,394.31,341,6132.87,7.68,50633.55,1,1,1,
805.6,0.040052,3,2,175.42,136,9975.29,6.93,41238.75,1,1,-1,
113.15,0.021026,4,1,349.25,311,6160.17,4.92,42849.16,1,1,1,
459.95,0.017838,3,6,84.47,289,6346.49,5.25,20899.97,0,0,-1,
636.28,0.014927,3,3,419.65,124,1571.09,5.64,32461.45,1,1,-1,
894.08,0.035079,7,2,451.98,15,635.24,7.04,29299.14,1,1,-1,
38.58,0.022772,3,5,388.25,109,3811.2,2.51,30075.61,1,1,1,
2.74,0.030716,9,9,1.13,55,9302.56,4.2,41955.31,1,1,-1,
493.01,0.026515,1,4,491.39,139,3976.58,5.64,53710.95,1,1,1,
877.28,0.027638,7,5,35.51,296,2284.24,8.86,39916.56,1,1,-1,
519.21,0.002551,6,9,116.76,68,3176.38,4.27,42479.82,1,1,1,
986.68,0.047584,8,8,64.88,137,5676.63,7.76,33963.19,0,0,1,
128.83,0.045804,9,6,173.14,282,1373.52,4.96,10231.01,0,0,1,
50.57,0.034466,5,7,152.37,132,3710.19,6.72,19122.72,0,0,1,
122.24,0.03471,2,9,57.25,323,8816.1,6.08,42030.48,0,0,1,
961.23,0.036658,8,5,314.56,98,7485.58,5.93,56438.59,0,0,-1,
612.06,0.010999,6,8,40.35,203,4896.28,0.58,53219.04,1,1,1,
71.79,0.016544,7,8,90.82,214,1189.17,2.46,58931.49,1,1,-1,
695.84,0.027786,6,5,275.47,326,6718.65,8,53302.67,0,0,-1,
771.65,0.03644,4,2,211.92,61,6950.03,9.12,58837.21,0,0,1,
617.44,0.010776,1,4,244.75,321,8689.05,3.22,41994.32,0,0,-1,
506.5,0.004434,4,1,345.99,166,836.97,7.82,12040.41,0,0,-1,
899.42,0.033674,2,1,287.67,276,1303,0.49,32822.36,0,0,1,
317.11,0.031798,6,9,167.16,286,5988.41,3.04,19462.35,0,0,-1,
587.18,0.002858,7,1,236.08,244,556.03,0.76,348.36,0,0,1,
168.61,0.029847,2,1,112.98,57,633.94,0.68,54223.64,1,1,-1,
18.9,0.00289,9,9,435.31,209,2288.7,8.71,51204.96,0,0,1,
925.07,0.033769,1,8,357.69,7,9624.43,1.16,24469.12,0,0,1,
471.62,0.016615,7,4,196.43,52,575.94,7.11,42971.31,1,1,-1,
661.29,0.032762,3,8,175.06,321,2865.29,9.44,12346.13,1,1,1,
42.33,0.028094,3,2,492.2,355,2113.88,0.31,15459.35,1,1,1,
674.54,0.016807,9,9,355.86,157,9849.08,4.22,8154,1,1,-1,
522.61,0.046966,3,1,87.86,68,1886.9,3.52,14432.74,0,0,1,
157.69,0.048031,7,7,271.86,217,4263.94,1.33,33220.48,1,1,-1,
926.07,0.029193,6,2,52.49,13,634.96,1.36,19735.25,1,1,-1,
928.62,0.023902,6,3,490,358,5005.89,5.34,41932.19,0,0,-1,
445.69,0.042561,2,2,466.11,363,4674.95,1.27,43836.92,0,0,-1,
962.97,0.016286,5,9,389.09,342,1454.99,2.9,13744.26,0,0,1,
768.27,0.036052,1,5,104.47,256,1774.6,6.05,47821.6,1,1,-1,
514.21,0.038776,7,1,100.02,364,2582.14,4.52,15112.03,0,0,-1,
452.4,0.009256,3,9,102.37,126,5051.37,3.83,29463.78,1,1,-1,
749.86,0.018531,6,7,366.95,127,4036.69,8.03,46756.68,0,0,-1,
500.62,0.046754,1,5,272.66,181,1629.25,5.59,6250.89,0,0,-1,
317.44,0.009448,2,9,495.5,76,1113.11,8.75,32584.5,0,0,-1,
905.46,0.004251,4,2,478.11,323,6679,7.31,11806.33,1,1,1,
900.07,0.010602,9,9,329.69,54,8004.3,2.78,12196.59,1,1,1,
357.01,0.044407,2,6,7.34,335,7550.71,4.35,8650.98,0,0,-1,
321.52,0.0157,8,5,226.96,141,328.25,3.68,59002.03,0,0,-1,
362.08,0.039944,5,4,120.38,216,9477.27,9.63,53061.8,1,1,1,
728.12,0.027749,4,8,99.21,125,8914.69,7.45,34732.22,0,0,-1,
168.51,0.012847,4,8,310.28,174,8530.79,5.79,10073.89,0,0,-1,
848.64,0.039643,1,4,323.19,213,3612.69,5.05,481.75,1,1,1,
709.28,0.043391,9,9,477.07,299,4099.06,2.54,12687.07,0,0,1,
583.85,0.020151,8,3,128.77,223,1648.36,2.92,38196.18,0,0,1,
456.84,0.031312,5,5,430.76,277,8413.68,2.71,18706.69,0,0,-1,
343.82,0.042778,5,8,34.5,131,84.97,2.99,46875.49,0,0,-1,
340.82,0.024705,6,6,459.39,197,4665.23,5.51,39223.15,0,0,-1,
631.26,0.038757,6,6,461.31,163,3418.04,5.75,46495.62,1,1,1,
126.04,0.029519,4,6,453.69,240,162.7,6.8,30621.24,0,0,1,
247.32,0.01422,5,3,435.7,135,3969.9,1.26,40295.08,0,0,1,
793.3,0.012915,2,5,335.5,99,2287.87,9.85,45912.12,0,0,-1,
305.1,0.010689,3,4,71.35,3,7032.53,6.26,27025.05,0,0,1,
311.91,0.043325,5,3,195.48,184,963.8,0.96,48978.68,0,0,1,
568.23,0.027863,5,9,58.64,1,8170.4,0.49,54120.46,0,0,-1,
8.33,0.046051,4,3,408.45,106,8584.59,7.66,27729.7,1,1,-1,
705.04,0.042607,6,1,285.93,302,9177.62,6.16,42916.92,1,1,1,
57.55,0.030572,1,7,12.78,44,903.1,4.57,55436.51,1,1,-1,
900.26,0.009407,1,6,111.66,354,790.62,3.32,32518.64,0,0,-1,
30.23,0.013936,7,9,181.31,310,168.97,1.56,38097.87,0,0,1,
293.01,0.048697,8,3,339.8,337,7011.86,5.84,38648.95,0,0,1,
182.39,0.039415,4,8,322.54,66,8534.88,3.17,16662.51,0,0,-1,
692.15,0.027232,3,2,329.51,148,6092.03,3.48,11772.92,0,0,1,
506.74,0.032643,8,5,490.91,359,8704.76,6.49,13522.45,1,1,-1,
901.75,0.001209,3,1,78.88,147,7402.78,2.96,28646.07,0,0,1,
611.51,0.039348,1,3,238.76,108,9826.49,7.66,13575.73,0,0,1,
817.23,0.004254,3,8,414.24,217,769.76,8.04,35827.69,0,0,1,
266.05,0.019852,6,7,77.07,202,1663.92,0.49,5847.56,1,1,1,
489.64,0.002092,9,2,326.93,303,4993.44,5.91,26853.25,1,1,-1,
902.23,0.006646,4,4,111.8,230,6796.49,6.67,51099.01,0,0,-1,
105.56,0.028622,7,9,396.04,360,108.39,7.01,55665.78,1,1,-1,
599.57,0.028464,3,9,331.35,364,7712.87,2.06,12962.93,1,1,-1,
316.09,0.020168,3,7,137.16,330,1117.29,0.47,10715.06,0,0,-1,
858.59,0.020748,7,6,480.73,112,2302.03,5.41,42218.56,0,0,-1,
432.75,0.027975,7,8,182.63,68,2729.62,6.07,41108.31,1,1,1,
72.09,0.004388,8,6,379.37,328,1118.78,2.87,14322.55,0,0,-1,
483.42,0.041434,6,8,191.01,202,6295.46,7.27,19575.57,1,1,-1,
399.14,0.04057,2,7,189.89,260,7286.99,5.57,49683.32,0,0,1,
49.3,0.029612,9,4,10.03,132,8941.24,1.51,33607.28,0,0,-1,
807.63,0.030688,2,4,21.14,214,8466.21,3.26,24217.68,1,1,-1,
520.42,0.024235,5,8,108.99,299,2256.64,5.64,50729.58,0,0,-1,
587.7,0.046008,5,3,485.1,41,3364.5,1.97,49267.67,1,1,1,
420.31,0.006223,4,4,356.42,283,3207.54,1.61,5240.78,1,1,1,
778.76,0.045293,8,3,310.21,114,154.7,9.03,41103.5,0,0,-1,
354.91,0.008212,8,4,326.09,51,7371.9,9.48,45118.08,1,1,-1,
176.1,0.046537,2,2,105.92,142,5003.27,9.26,51919.83,1,1,-1,
23.41,0.039662,2,5,79.18,255,3138.97,0.86,2836.47,1,1,1,
684.76,0.006214,9,1,415.56,149,687.77,8.39,47263.97,0,0,1,
47.08,0.036056,6,6,471.63,162,3969.71,6.14,19743.7,0,0,1,
147.73,0.048651,4,5,389.41,215,9728.71,2.06,43019.46,1,1,1,
163.11,0.010254,6,7,249.92,184,5593.76,5.23,796.62,1,1,1,
400.38,0.044275,1,8,117.49,330,4022.89,1.49,29256.97,0,0,-1,
526.47,0.024802,2,2,334.87,337,3487.42,0.11,43192.21,0,0,1,
426.1,0.02395,9,4,326.35,24,5950.54,2.73,31988.7,0,0,1,
939.52,0.020994,5,1,391.78,214,4401.39,3.91,58145.29,1,1,-1,
503.11,0.021927,1,2,206.8,290,5492.2,1.41,20636.51,0,0,-1,
0.24,0.035183,9,5,197.99,323,2324.78,2.4,3278.47,1,1,1,
274.44,0.025319,7,5,59.62,1,9914.18,2.29,13323.62,1,1,-1,
527.38,0.044845,7,4,142.9,92,9261.83,8.47,40861.04,1,1,1,
198.77,0.015074,8,1,19.6,140,6089.39,3.92,35035,1,1,-1,
342.57,0.038022,8,4,337.69,198,8631.75,8.24,10950.82,1,1,-1,
70.28,0.001539,2,6,49.34,193,2545.27,0.77,1320.28,1,1,-1,
910.84,0.018642,8,7,482.56,329,1615.43,9.95,45209.36,1,1,1,
566.57,0.037074,4,4,362.34,273,6383,2.37,38894.04,1,1,1,
987.5,0.007361,7,5,51.29,351,4949.82,3.41,57722.1,1,1,-1,
393,0.012892,1,4,71.42,169,5751.17,4.21,34531.69,1,1,1,
634.09,0.024687,8,7,175,341,8157.45,5.22,21390.33,0,0,1,
554.77,0.016625,8,8,20.97,116,6566.25,5.34,32939.88,0,0,-1,
846.74,0.047981,2,1,213.47,13,6142.97,8.06,55104.73,0,0,1,
223.87,0.033943,1,6,195.5,71,1664.71,8.47,6623.31,0,0,1,
596.33,0.013691,2,1,356.47,9,533.93,8.48,39033.72,0,0,-1,
20.45,0.001164,5,2,465.92,123,2779.13,7.85,16933.39,0,0,1,
207.62,0.03772,2,5,446.17,215,8754.25,8.48,26675.6,0,0,1,
239.72,0.030789,9,2,128.95,130,4232.39,4.33,18706.97,1,1,-1,
572.09,0.036203,1,8,326.62,289,6648.35,3.27,36309.42,0,0,1,
359.29,0.016435,2,4,205.29,300,3543.94,1.97,32068.04,1,1,-1,
100.21,0.004338,9,1,386.12,231,7612.61,4.78,23435.32,0,0,-1,
711.04,0.00884,7,2,326.44,260,9161.03,0.95,6816.54,0,0,-1,
276.01,0.030959,6,9,332.48,337,9210.98,4.68,53937.59,0,0,-1,
738.1,0.040186,1,1,6.15,357,2234.52,8.38,45519.52,1,1,1,
419.78,0.034753,6,1,308.98,145,1906.1,4.95,42029.45,0,0,-1,
387.99,0.003486,5,6,5.76,199,1386.71,1.27,36433.24,0,0,-1,
381.83,0.023037,4,8,271.64,332,104.64,7.15,4235.23,1,1,1,
201.48,0.048588,1,5,391.39,126,4970.83,5.04,38002.08,1,1,1,
827.98,0.010636,4,1,127.04,193,5260.93,2.32,2.14,0,0,1,
833.07,0.035539,4,8,362.86,88,8120,4.39,39574.41,0,0,1,
486.79,0.010082,6,8,285.93,298,1070.72,1.34,56705.33,1,1,-1,
111.11,0.0412,6,9,334.42,67,4650.96,6.54,22592.01,1,1,-1,
40.3,0.002521,6,2,411.46,49,7407.85,1.75,18480.48,1,1,1,
221.08,0.029242,6,1,467.56,275,283.26,5.1,30972.22,0,0,-1,
403.09,0.020034,6,8,164.8,189,739.68,2.9,55969.93,0,0,-1,
995.58,0.036603,5,7,161.76,349,7018.72,0.98,10657.94,1,1,1,
187.73,0.018977,9,5,325.43,165,3291.12,9.32,34401.46,1,1,-1,
465.74,0.00703,3,7,328.68,363,4127.13,9.46,22102.9,1,1,1,
342.2,0.033966,3,8,196.78,360,9787.45,0.6,4640.02,1,1,-1,
355.08,0.017682,9,6,239.35,233,9455.41,6.25,55972.66,0,0,1,
265.42,0.00475,3,9,50.41,35,4879.53,4,58968.14,0,0,-1,
271.89,0.00319,2,7,217.93,218,87.08,1.19,59086.01,0,0,-1,
536.35,0.004926,6,2,441.3,41,6794.58,0.96,21432.76,1,1,1,
422.73,0.040396,6,3,459.68,87,9569.84,1.98,20672.1,1,1,-1,
589.54,0.018861,5,9,215.07,82,2006.37,5.97,36405.09,1,1,1,
409.56,0.014212,5,4,386.57,120,4113.95,0.22,31913.85,0,0,-1,
52.41,0.004385,7,2,482.32,323,5142.36,6.98,17241.56,1,1,1,
726.03,0.02281,2,9,118.31,33,1902.15,8.33,53151.92,0,0,1,
449.58,0.040823,5,9,325.15,165,1252.68,7.74,13990.41,1,1,1,
758.2,0.034224,2,8,207.75,222,859.26,3.33,18752.01,1,1,1,
709.01,0.00463,1,6,348.57,151,4730.64,4.78,37524.88,1,1,1,
75.84,0.049928,6,5,27.09,104,6296.36,3.59,55262.4,1,1,1,
84.51,0.024255,2,4,403.15,162,2016.34,1.26,52873.83,0,0,-1,
371.56,0.005689,6,6,92.76,97,7255.43,7.97,8466.69,1,1,-1,
261.84,0.008252,8,5,32.54,342,1948.93,0.51,12249.19,1,1,-1,
877.2,0.032941,5,8,236.47,235,140.6,9.81,44195.35,0,0,-1,
839.9,0.027378,7,3,488.88,126,5249.05,7.12,9817.62,0,0,1,
104.14,0.011365,3,3,491.05,77,6881.07,8.47,50598.53,0,0,1,
253.45,0.010865,1,5,137.64,278,5645.6,0.28,23266.95,1,1,-1,
109.08,0.031042,9,7,289.43,225,5954.76,4.26,26556.82,0,0,-1,
918.32,0.02211,3,4,430.57,189,9228.38,8.2,53070.15,0,0,1,
845.34,0.02581,9,6,190.94,252,829.25,3.98,56090.67,1,1,1,
598.57,0.030459,9,6,27.78,235,266.32,3.31,6142.98,1,1,-1,
526.91,0.012859,2,2,117.63,240,1623.02,8.86,19686.56,0,0,-1,
967.5,0.001757,4,1,35.51,199,6865.96,4.71,3679.6,0,0,1,
780.27,0.013251,2,3,340.56,142,1466.58,6.39,51462.11,1,1,1,
767.91,0.043924,5,2,495.1,7,5466.81,3.87,20854.2,0,0,-1,
35.91,0.012593,4,3,12.99,195,1840.18,0.02,26743.3,1,1,-1,
453.39,0.047355,7,9,241.44,124,5171.78,1.45,33273.3,0,0,-1,
402.93,0.044737,2,5,247.31,238,3824.96,6.9,16147.58,1,1,-1,
493.72,0.035142,3,5,375.68,263,700.74,3.84,45887,0,0,1,
432.54,0.010275,3,6,103.31,362,9709.36,8.55,3280.7,1,1,-1,
903.23,0.004321,4,5,451.6,146,6415.17,0.69,19588.52,1,1,1,
524.9,0.012699,7,3,443.92,188,1284.16,1.47,49896.36,0,0,1,
745.04,0.040393,1,7,234.63,171,5777.9,5.94,29623.29,1,1,1,
199.78,0.014888,7,8,435.56,181,3547.84,1.05,43439.25,1,1,-1,
377.31,0.037222,5,9,265.86,299,169.29,7.91,6043.54,1,1,1,
82.85,0.034134,6,6,288.21,293,2552.28,7.84,36212.16,1,1,1,
516.84,0.014848,4,1,295.51,59,3738.91,8.14,43740.88,0,0,1,
225.69,0.035775,1,2,199.66,17,3204.65,7.29,10702.52,0,0,-1,
810.55,0.010658,8,4,107.11,172,2126.72,4.99,11009.74,0,0,-1,
160.65,0.047887,4,1,154.53,115,8694.18,7.91,53509.03,1,1,-1,
551.11,0.020582,9,4,49.94,255,1181.16,5.23,35699.59,0,0,-1,
824.28,0.009599,9,4,255.08,200,3635.56,1.76,14214.28,1,1,1,
844.77,0.043595,3,4,498.18,83,8689.72,1.89,52278.18,0,0,-1,
378.45,0.022468,4,2,361.77,298,1722.43,3.42,50481.21,0,0,-1,
250.47,0.003668,2,8,109.25,244,7651.59,3.26,50266.41,1,1,1,
579.82,0.003343,1,5,404.19,359,3013.37,8.05,14929.74,0,0,1,
160.16,0.014074,5,4,193.28,75,6017.55,0.12,59681.28,0,0,1,
704.7,0.006238,9,6,303.63,152,7399.15,9.29,35692.49,1,1,1,
681.7,0.016482,5,2,426.09,293,9929.68,4.92,16275.85,1,1,1,
589.75,0.04586,3,4,61.66,184,2206.36,0.25,9155.92,0,0,-1,
110.39,0.028769,7,6,290.32,119,2450.89,3.68,14514.43,0,0,-1,
124.97,0.020239,8,2,174.54,332,7279.98,4.84,21065.57,0,0,1,
524.85,0.007332,7,4,385.86,62,4884.43,6.66,28780.06,0,0,-1,
844.72,0.026536,6,5,365.53,336,6501.39,8.3,45212.01,0,0,1,
260.08,0.016738,5,6,29.12,348,9918.52,3.18,34442.82,1,1,-1,
887.16,0.031778,4,7,206.58,236,1226.09,7.97,580.66,0,0,-1,
337.7,0.012193,1,6,54.74,277,7153.3,1.36,31403.28,0,0,1,
434.72,0.034778,7,6,420.24,252,4309.62,4.45,8799.12,0,0,-1,
999.57,0.008052,8,2,54.11,23,913.58,6.28,5425.55,1,1,-1,
564.8,0.017268,1,9,442.66,194,8342.96,6.99,57436.88,1,1,1,
651.81,0.008245,6,6,301.53,100,6994.63,9.03,22553.63,1,1,1,
489.67,0.00698,1,1,97.37,47,3336.52,3.32,10126.9,1,1,-1,
556.3,0.028553,8,7,493.59,266,3173.85,5.89,47708.24,0,0,-1,
378.24,0.007405,6,1,165.24,71,7897.81,7.94,41107.96,1,1,1,
219.08,0.00504,7,5,256.96,178,4111.99,9.5,16127.06,0,0,1,
72.45,0.008787,6,8,175.66,276,4486.36,9.9,37504.55,1,1,1,
800.93,0.047275,6,3,398.65,6,4811.17,4.17,28216.57,0,0,1,
489.86,0.001618,1,6,402.55,334,4056.96,9.91,56141.09,0,0,1,
647.25,0.029219,3,6,232.07,265,7326.72,9.5,36388.98,0,0,1,
280.55,0.029667,6,1,70.71,208,8397.31,8.28,15819.21,0,0,1,
664.29,0.027604,3,8,319.26,78,5889.54,1.18,43057.17,0,0,-1,
534.16,0.034456,9,1,473.58,328,7613.63,4.16,3061.5,1,1,-1,
782.03,0.005784,1,4,349.36,77,867.09,8.9,39178.32,0,0,1,
286.39,0.01499,4,5,316.95,35,9375.75,8.86,52743.54,0,0,-1,
949.03,0.038385,1,7,87.11,298,7340.38,0.42,54851.17,0,0,1,
732.33,0.027872,5,6,412.79,2,9246.89,3.33,15363.79,0,0,1,
255.84,0.022009,3,6,188.85,173,5178.21,9.53,5216.07,1,1,-1,
205.88,0.01967,7,6,204.41,332,6729.53,8.34,1700.61,0,0,-1,
536.81,0.01994,6,3,475.45,160,8830.43,4.67,43718.42,0,0,1,
2.84,0.032243,5,9,138.62,205,1767.99,0.13,26854.76,1,1,1,
976.41,0.00554,3,5,23.27,223,4946.98,8.15,9168.84,1,1,-1,
550.18,0.037041,9,8,314.75,221,4752.03,3.49,58675.72,1,1,-1,
793.22,0.034229,5,4,267.21,230,2943.96,3.63,22946.29,1,1,-1,
361.21,0.028314,1,4,92.85,179,2049.79,7.83,1717.8,1,1,-1,
100.06,0.00109,6,3,248.16,192,4462.18,6.68,17488.91,1,1,1,
963.33,0.028818,9,1,58.43,246,7816.41,0.97,30769.11,1,1,1,
265.89,0.034927,2,6,184.34,63,8950.31,2.03,2991.14,1,1,1,
919.04,0.017188,9,2,144.49,281,5946.15,0.31,32059.76,1,1,-1,
51.75,0.033107,7,9,285.82,242,9390.45,4.69,50361.07,0,0,1,
930.96,0.024506,2,4,113.67,352,3317.4,9.51,943.48,1,1,1,
967.62,0.028518,4,6,111.88,209,116.06,6.01,13002.94,1,1,1,
100.43,0.01067,5,6,497.68,7,5197.34,0.86,28926.64,0,0,1,
913.45,0.010679,7,4,163.7,190,131.02,0.54,28789.4,1,1,1,
276.1,0.017058,8,2,239.19,132,4673.07,8.1,50087.04,0,0,-1,
813.32,0.045223,9,2,333.8,73,5466.76,8.64,13105.87,1,1,-1,
168.46,0.024991,3,5,165.74,83,9666.32,2.95,47476.78,1,1,1,
652.35,0.03773,5,6,339.5,335,9250.24,1.45,5901.03,1,1,1,
167.16,0.020419,6,8,476.4,203,4420.65,5.7,3838.81,0,0,1,
262.04,0.036923,6,4,436.46,159,7447.85,8.19,47721.4,1,1,1,
328.55,0.049785,9,4,338.82,252,2858.54,4.25,7840.1,0,0,1,
314.46,0.014711,9,1,193.85,203,7034.74,1.53,7444.33,0,0,-1,
707.07,0.044094,8,6,275.86,322,259.98,5.01,54841.91,1,1,1,
667.38,0.031313,7,3,409.27,225,9803.17,2.85,58768.28,1,1,-1,
806.45,0.003742,5,4,116.43,303,8806.66,3.41,12436.16,1,1,-1,
768.53,0.045031,4,7,463.66,19,2655.26,0.82,46229,0,0,1,
538.51,0.049141,8,7,2.18,111,4465.28,4.75,8534.94,1,1,-1,
981.53,0.02092,3,5,20.57,296,4601.64,7.02,9954.63,0,0,-1,
48.23,0.039512,2,2,469.63,201,5849.79,4.08,26358.68,0,0,-1,
115.67,0.029798,1,1,351.4,199,7752.85,0.79,3506.43,1,1,-1,
457.73,0.03333,3,8,227.33,71,434.46,0.96,52248.48,1,1,-1,
742.17,0.010884,2,6,153.44,300,6426.59,8.96,47184.52,0,0,-1,
244.77,0.037643,8,8,182.52,27,2342.1,1.74,12875.86,0,0,-1,
399.22,0.048371,7,5,277.43,211,3759.99,7.11,37187.15,0,0,1,
627.83,0.013788,3,9,173.8,275,4333.21,3.29,51510.82,0,0,1,
413.47,0.025182,1,7,489.79,215,6628.46,7.41,36787.44,0,0,1,
868.36,0.035093,4,7,254.61,352,560.76,6.95,10189.14,0,0,-1,
692.54,0.011355,7,7,438.02,305,6230.82,3.88,16788.23,0,0,1,
859.08,0.018044,5,7,141.11,251,414.95,6.4,17016.29,0,0,-1,
914.31,0.046476,6,4,359.89,10,8896.82,0.45,38178.27,0,0,1,
381.61,0.039733,1,9,406.1,12,6231.99,2.73,5823.98,0,0,1,
936.43,0.020696,3,2,225.21,88,7461.69,6.1,24731.55,1,1,1,
270.15,0.041614,8,7,389.73,85,3527.29,5.78,36720.74,1,1,-1,
817.09,0.002623,1,6,311.63,106,9808.79,3.27,42562.96,0,0,1,
808.97,0.040858,6,7,400.73,87,1105.41,7.1,53072.4,0,0,1,
51.6,0.026271,4,9,59.53,32,8208.56,9.84,27862.28,0,0,-1,
26.94,0.033447,9,2,82.4,246,6090.74,7.88,41111.39,0,0,-1,
398.49,0.02467,4,5,255.68,273,7720.43,6.34,42556.48,1,1,-1,
377.46,0.001892,3,7,430.65,61,9079.21,5.46,58999.43,0,0,1,
230.79,0.018739,7,6,193.29,345,9065.45,5.09,42703.6,1,1,-1,
793.7,0.039087,7,1,311.99,95,17.21,0.97,2266.5,0,0,-1,
407.46,0.004779,4,1,275.3,155,6094.78,7.9,41407.5,0,0,1,
231.52,0.028668,8,1,172.62,217,9563.27,3.66,1801.68,1,1,-1,
652.5,0.014795,2,3,260.54,87,3684.14,0.59,34113.66,0,0,-1,
928.96,0.023582,3,8,126.33,327,4562.44,8.97,40103.31,0,0,1,
720.89,0.010048,2,4,169.14,166,396.1,2.07,1882.43,1,1,1,
216.98,0.003981,1,5,186.21,91,8689.78,2.82,31461.74,1,1,-1,
507.91,0.007112,6,1,262.15,187,2036.57,1.42,16901.84,0,0,1,
811.22,0.028873,2,6,2.92,57,7022.97,5.14,42293.04,1,1,1,
521.9,0.031914,5,2,46.23,77,9026.25,3.67,26247.11,1,1,1,
710.62,0.045674,9,8,336.2,245,4568.2,1.39,13892.07,1,1,-1,
598.67,0.034081,7,3,52.63,169,5867.02,4.44,23242.27,0,0,1,
20.3,0.026592,4,7,208.69,149,7974.19,5.57,43345.04,1,1,1,
724.83,0.015844,4,2,284.56,259,9030.37,2.4,35713.78,1,1,1,
684.65,0.008056,8,2,109.78,273,1651.38,3.24,41119.64,0,0,-1,
54.48,0.015979,9,6,66.74,240,4023.47,0.46,26377.66,1,1,-1,
96.04,0.023396,1,9,430.45,321,6626.77,5.9,52915.26,1,1,-1,
677.87,0.015484,3,1,84.76,215,2452.33,3.89,26613.6,1,1,-1,
247.99,0.001084,1,7,48.3,347,647.92,5.42,10440.44,0,0,1,
99.8,0.004901,4,6,295.07,341,8790.95,0.34,55407.55,0,0,1,
236.27,0.012812,5,5,29.67,94,6743.85,3.75,53553.69,0,0,-1,
185.76,0.023774,3,8,390.03,34,7500.99,3.18,57923.41,1,1,-1,
523.73,0.00409,1,7,295.47,209,8310.13,6.26,13668.07,0,0,1,
241.83,0.031054,9,2,368.52,115,3773.2,0.92,20012.57,1,1,-1,
623.02,0.048523,1,7,326.59,339,2499.73,0.87,17437,1,1,-1,
892.31,0.012178,1,2,18.18,263,8083.64,4.76,30531.02,1,1,-1,
903.04,0.038401,3,1,120.45,294,9086.29,1.28,39209.03,0,0,-1,
431.26,0.011056,4,1,490.57,273,7809.79,4.69,31880.69,1,1,1,
559.95,0.042635,4,6,64.84,220,6396.08,6.61,51605.2,1,1,1,
548.66,0.001666,2,3,65.53,120,2122.07,1.18,38145.9,1,1,1,
192.66,0.0371,1,8,442.9,234,191.69,5.3,41325.71,0,0,-1,
46.01,0.047887,6,5,327.12,225,4950.33,7.44,41059.23,1,1,-1,
859.92,0.021721,6,3,92.18,36,6696.52,1.97,16965.25,1,1,-1,
980.3,0.017011,8,1,430.7,121,2147.75,7.49,52374.72,0,0,-1,
650.93,0.032099,7,2,438.65,305,6681.64,1.14,5254.87,1,1,1,
499.14,0.040789,5,6,484.31,13,9123.67,2.49,35012.45,0,0,-1,
387.63,0.019736,1,7,59.24,77,3419.95,10,47522.08,0,0,-1,
303.59,0.011574,1,4,359.72,215,4343.52,0.04,26076.06,0,0,-1,
8.56,0.043039,9,4,397.03,46,4416.1,1.43,58717.21,0,0,-1,
465.82,0.042154,2,8,441.97,328,2625.19,9.29,2296.06,1,1,1,
796.75,0.028895,2,2,405.18,194,6353.29,9.1,44978.09,1,1,1,
174.75,0.045382,8,4,371.57,159,2434.81,7.39,14956.72,0,0,1,
854.57,0.011513,3,7,482.45,233,2498.93,7.56,16397.25,0,0,1,
993.01,0.007394,3,9,288.17,211,7739.17,4.65,21903.4,1,1,-1,
445.95,0.033021,2,8,387.54,128,9522.59,9.13,15937.17,0,0,-1,
550.28,0.004561,3,3,392.59,114,5247.68,9.04,32766.07,1,1,1,
651.18,0.005268,3,4,144.03,34,6980.54,2,30474.96,1,1,1,
222.03,0.019588,9,1,251.23,235,139.03,7.67,19560.56,0,0,-1,
675.66,0.008612,1,3,466.22,178,4237.78,4.64,36962.78,1,1,-1,
764.64,0.030641,3,2,482.94,357,1583.57,2.34,46865.71,1,1,-1,
268.75,0.030085,2,9,492.9,238,3734.88,3.25,767.01,1,1,1,
70.66,0.022429,9,9,404.27,60,6940.43,5.18,44226.93,1,1,-1,
223.24,0.026378,3,5,440.65,10,9005.05,0.06,48089.53,0,0,-1,
833.03,0.007958,1,1,278.48,223,6148.47,7.83,35085.7,1,1,1,
56.81,0.013118,2,3,291.89,256,6357.22,5.59,8033.05,1,1,1,
279.33,0.012691,7,9,158.8,48,1685.83,2.64,38890.3,1,1,1,
614.54,0.026378,2,2,387.76,281,7719.53,0.93,39352.23,1,1,1,
759.75,0.003583,9,7,269.93,81,8310.68,4.92,41152.61,0,0,1,
241.02,0.021515,6,7,270.84,225,5616.13,7,5828.17,0,0,1,
394.21,0.040011,6,4,165.47,299,1669.75,7.03,53128.12,1,1,-1,
615.81,0.044316,3,9,160.23,202,611.73,8.91,46703.21,1,1,-1,
288.48,0.027629,7,6,117.96,84,9924.96,6.6,48089.29,0,0,-1,
874.38,0.040331,5,6,339.73,291,6952.67,9.12,19842.55,1,1,-1,
95.7,0.045856,3,4,175.82,250,5868.89,5.93,19703.77,0,0,1,
612.39,0.003158,5,8,51.1,290,2361.49,2.47,26608.13,1,1,-1,
145.5,0.038083,4,2,395.53,117,3013.68,1.53,32525.76,1,1,-1,
212.33,0.01153,9,8,216.95,2,925.69,4.7,7692.34,1,1,1,
851.64,0.002008,1,8,107.3,342,9568.23,7.48,37057.85,1,1,1,
534.58,0.014032,8,6,205.1,242,4221.17,2.02,43956.22,0,0,-1,
870.98,0.016765,4,3,164.97,18,5181.01,6.58,34309.07,1,1,1,
779.77,0.011293,7,8,182.65,2,4954.67,9.91,835.01,1,1,1,
804.68,0.012974,8,2,322.07,244,3019.89,8.98,9708.41,0,0,1,
499.77,0.032555,5,4,427.48,45,5517.59,6.54,13019.02,0,0,-1,
882.03,0.040299,1,8,172.02,130,7367.22,5.17,35001.82,0,0,1,
160.25,0.035661,8,7,152.64,186,9077.55,0.02,34237.89,1,1,-1,
115.06,0.027998,3,1,341.05,335,829.28,4.02,9447,0,0,-1,
183.05,0.003407,9,6,302.07,89,1578.71,6.21,53650.04,0,0,-1,
857.38,0.001283,4,3,387.83,230,4628.11,9.55,19691.97,0,0,-1,
172.9,0.047961,8,9,288.43,252,57.28,3.17,23893.81,0,0,-1,
262.93,0.011195,8,2,172.52,29,9877.02,8.48,7176.22,1,1,1,
131.1,0.006173,6,5,24.91,97,315.75,0.18,7428.06,0,0,1,
552.27,0.029688,6,6,422.12,25,2892.67,9.1,43687.33,0,0,1,
495.35,0.01409,7,2,491.78,194,7525.85,7.45,9821.34,0,0,-1,
406.22,0.005002,1,9,114.31,115,8846.49,2.52,41176.74,0,0,1,
207.38,0.006357,8,5,170.09,312,932,5.28,54019.27,1,1,-1,
176.61,0.046745,2,2,362.9,340,3781.28,9.43,52610.48,0,0,-1,
341.19,0.03323,9,6,113.38,190,1156.12,8.57,55661.67,0,0,-1,
800.33,0.01087,6,6,284.49,219,3150.83,5.91,47767.05,1,1,1,
576.07,0.018362,5,4,269.64,265,8357.49,4.88,8354.44,0,0,1,
487.8,0.043564,2,8,101.75,195,3417.11,5.64,14570.09,1,1,-1,
1.99,0.044985,2,8,220.27,294,8722.46,3.15,53024.14,0,0,-1,
485.91,0.038756,5,9,222.78,223,1660.87,6.02,57381.17,1,1,1,
122.84,0.048004,6,6,429.85,264,2346.29,2.64,25410.53,1,1,-1,
107.4,0.013841,9,1,307.94,155,4214.12,9.08,40232.98,1,1,-1,
441.13,0.032464,7,6,414.95,173,8307.55,5.64,40710.94,1,1,-1,
679.68,0.017969,8,7,443,245,833.42,1.17,58751.98,1,1,1,
708.54,0.020818,7,5,118.53,129,671.84,6.94,5322.36,0,0,-1,
675.88,0.033124,4,5,287.83,269,1976.35,0.59,38058.4,0,0,1,
437.93,0.015275,4,8,193.55,340,542.55,6.99,21052.17,0,0,-1,
53,0.036603,5,4,276.37,292,2330.65,7.43,35369.39,1,1,-1,
429.17,0.030197,5,2,470.07,295,7926.24,4.67,21189.99,1,1,1,
140.51,0.009527,8,4,473.7,109,9612.72,2.24,40762.57,0,0,1,
689.36,0.001007,3,5,425.37,353,1721.92,6.9,34197.9,0,0,-1,
552.77,0.032689,5,6,264.6,158,2263.84,3.8,2407.04,1,1,1,
208.83,0.017505,1,5,447.07,47,2680.32,8.92,21542.7,1,1,1,
464.11,0.023446,2,5,347.18,5,3319.86,6.49,45669.01,1,1,1,
590.94,0.031499,5,7,263.69,88,5031.59,9.3,41446.67,0,0,1,
869.93,0.010161,9,1,44.56,83,5981.33,8.28,16274.75,0,0,1,
91.99,0.00498,9,1,463.95,280,8478.62,7.99,26373.38,0,0,1,
207.57,0.003156,8,6,420.01,97,9430.63,0.13,53137.14,1,1,1,
96.33,0.032169,1,8,217.79,324,2171.93,4.45,11388.14,1,1,1,
308.78,0.027429,1,4,433.55,317,306.96,1.12,42529.65,1,1,1,
909.57,0.028596,4,1,355.99,268,9541.27,7.29,10190.15,0,0,-1,
188.64,0.039398,4,5,148.4,180,540.2,2.04,6911.86,1,1,-1,
532.46,0.030614,9,3,160.92,154,9727.01,1.67,20728.65,0,0,1,
556.38,0.035324,2,2,266.14,47,224.41,3.73,6137.53,1,1,-1,
456.04,0.002348,4,9,5.84,272,24.63,5.69,48420.12,0,0,1,
74.88,0.02855,4,8,367.32,44,5588.2,0.8,41661.31,0,0,1,
750.67,0.016013,9,9,291.42,103,8784.8,8.27,31024.12,1,1,-1,
471.69,0.026937,1,2,232.17,218,7992.64,7.7,51070.46,0,0,-1,
698.01,0.007934,2,8,119.1,142,67.97,9.94,57837.13,1,1,1,
168.1,0.010219,9,2,414.6,87,3526.52,0.79,8802.78,0,0,1,
721.08,0.030832,7,5,154.65,274,5659.66,9.27,3690.5,0,0,-1,
511.23,0.042599,2,4,464,273,7552.47,7.5,49422.26,0,0,1,
769.85,0.035504,3,9,67.03,10,3973.44,1.99,3624.11,1,1,-1,
188.59,0.008589,2,2,406.9,115,3418.24,4.73,33059.13,0,0,-1,
898.02,0.018613,4,3,335.69,84,2776.34,2.38,54834.1,1,1,-1,
241.37,0.043352,4,9,484.88,249,421.67,5.16,15414.3,1,1,1,
682.13,0.039798,5,2,179.38,106,966.8,7.4,35073.05,0,0,1,
550.16,0.042098,8,7,6.72,111,4596.94,5.44,3020.46,0,0,1,
176.12,0.009031,2,4,97.03,295,3828.62,3.42,26102.26,1,1,-1,
443.74,0.02543,1,1,120.66,36,9757.72,5.44,25968.82,0,0,1,
453.68,0.003624,6,5,361.32,148,3984.43,0.89,22495.36,0,0,-1,
122.83,0.038418,5,6,411.22,327,2127.95,9.51,21694.85,0,0,1,
63.59,0.039019,9,1,330.97,251,7333.4,7.31,22845.11,0,0,1,
598.89,0.034582,9,4,461.29,297,7917.83,6.72,24765.59,1,1,1,
418.97,0.015969,5,3,394.59,294,8565.56,2.71,36140.31,0,0,-1,
272.97,0.028661,9,9,274.71,139,1030.42,6.97,22898.51,1,1,-1,
607.28,0.048642,3,2,85.28,139,1169.62,4.33,39204.31,0,0,1,
709.53,0.015397,3,8,6.09,335,8893.88,8.29,57848.66,1,1,1,
191.01,0.047562,9,6,290.08,54,7944,2.51,18140.07,0,0,1,
61.84,0.011992,6,1,191.99,265,7766.1,4.05,22627.47,0,0,-1,
695.25,0.004523,5,5,469.4,142,5250.67,2.85,22737.94,1,1,-1,
93.45,0.044744,8,5,90.76,176,8897.12,7.18,33629.58,1,1,1,
178.54,0.01598,2,1,431.26,277,1811.56,0.81,54466.82,0,0,1,
850.87,0.031032,3,9,142.86,247,1094.91,3.67,13810.29,0,0,-1,
938.76,0.012242,7,8,65.33,226,165.83,3.6,45706.74,0,0,-1,
161.79,0.04872,6,8,480.09,259,4225.54,5.38,15236.29,0,0,-1,
12.79,0.009698,7,3,63.75,47,8854.27,9.69,13006.85,1,1,-1,
801.96,0.017143,2,6,373.6,263,6243.67,4.79,55879.32,1,1,1,
269.18,0.039297,9,2,189.73,354,4270.17,1.76,47931.2,1,1,-1,
543.8,0.036413,9,7,247.05,240,2138.06,7.92,28613.11,0,0,-1,
378.93,0.046186,1,4,162.97,86,1219.26,9.34,43001.89,1,1,1,
238.72,0.004126,3,5,450.1,33,3860.28,5.35,458.12,1,1,-1,
634.36,0.028537,7,6,339.28,256,7706.82,5.22,5896.98,0,0,1,
51.31,0.037883,1,2,222.72,174,4574.69,1.27,51294.54,0,0,1,
285.84,0.033132,6,8,102.79,278,9721.74,0.59,4433.06,1,1,1,
467.37,0.040311,9,4,249.16,269,3916.36,4.91,45435.32,1,1,1,
454.31,0.008553,5,2,179.23,268,2607.3,3.35,45894.69,1,1,-1,
279.38,0.013858,7,3,379.63,129,5159.48,3.74,8448.39,1,1,-1,
582.77,0.038683,5,4,49.25,332,4833.58,3.41,27160.48,1,1,-1,
9.26,0.018451,7,9,444.71,271,7303.47,6.21,54914.39,0,0,1,
705.87,0.016301,9,6,398.03,82,5695.8,9.44,4813.14,1,1,-1,
226.01,0.042195,8,7,193.44,175,4215.49,3.28,19243.05,0,0,1,
907.09,0.041301,8,1,41.28,209,3002.38,5.62,17290.62,0,0,-1,
441.57,0.044869,3,7,398.67,131,2049.12,1.86,50178.49,1,1,-1,
374.53,0.020115,3,1,436.7,325,7389.17,9.83,40089.95,0,0,1,
464.01,0.04706,6,5,235.11,194,5543.2,3.87,4243.48,1,1,-1,
206.33,0.01074,5,2,111.28,168,9137.56,0.34,42044.18,0,0,1,
490.47,0.035874,1,6,189.15,248,3435.8,3.06,34159.91,1,1,1,
863.65,0.006673,1,8,252.94,147,6363.23,3.82,9240.57,0,0,1,
842.69,0.006488,1,7,37.75,67,1102.17,0.94,36816.01,1,1,-1,
827.46,0.038687,6,9,457.19,242,1268.97,5.49,35987,0,0,1,
211.31,0.008277,4,1,249.71,183,6295.51,8.46,19668.68,0,0,-1,
256.21,0.017367,9,6,48.78,232,7834.74,8.44,8388.34,0,0,-1,
238.83,0.012432,8,7,71.12,325,3393.22,8.6,10871.24,0,0,1,
90.65,0.017144,7,5,114.16,25,2874.59,4.8,20774.16,0,0,-1,
705.25,0.011412,1,4,2.61,322,1455.52,8.65,8494.05,1,1,-1,
636.39,0.020833,2,6,155.28,357,7556.48,2.86,33996.04,1,1,-1,
711.69,0.004076,7,6,489.79,48,5584.45,2.8,43309.95,1,1,-1,
882.38,0.01406,5,7,304.2,174,3751.99,9.74,56549.06,0,0,-1,
898,0.034315,2,8,360.64,302,6965.22,9.63,16732.31,1,1,-1,
712.13,0.009175,5,1,476.59,167,7520.78,0.62,7808.53,0,0,1,
763.71,0.049229,5,6,153.21,317,1213.32,9.84,52590.85,1,1,-1,
733.65,0.040495,6,2,299.22,303,434.85,2.57,33380.82,0,0,-1,
452.46,0.036305,8,1,114.24,361,1429.73,0.42,37093.31,0,0,-1,
265.99,0.012925,8,2,297.27,160,1839.88,4.04,10950.67,0,0,-1,
394.57,0.017768,9,1,7.26,7,7628.13,9.96,48706.95,0,0,1,
588.79,0.04139,3,1,115.04,231,8233.37,2.63,6763.77,0,0,1,
634.21,0.027584,7,3,41.38,76,2332.86,0.93,33198.52,1,1,1,
157.71,0.020515,3,3,486.26,168,9187.68,4.39,13640.86,0,0,1,
871.24,0.015593,1,1,241.57,129,8683.17,0.77,11762,1,1,1,
216.55,0.022539,4,8,178.97,199,3156.66,0.23,7951.29,1,1,1,
480,0.036762,3,8,117.54,157,8190.37,8.76,39218.92,1,1,-1,
832.43,0.003535,7,3,354.57,82,2713.22,7.11,53228.44,1,1,-1,
795.78,0.026333,9,5,458.01,173,4192.86,3.49,15397.45,0,0,1,
486.73,0.026439,7,4,313.31,3,1588.76,1.7,25517.13,1,1,-1,
212.25,0.014382,5,1,132.3,202,5285.52,1.35,28187.95,0,0,1,
196.15,0.003149,8,6,447.96,10,4914.81,9.16,53042.42,0,0,1,
86.73,0.012065,1,6,205.4,123,5370.21,5.86,24016.57,1,1,-1,
413.14,0.015603,7,1,68.84,74,4012.05,6.48,26121.75,1,1,-1,
815.07,0.032296,3,5,384.11,60,1681.25,4.37,30988.87,1,1,1,
683.19,0.010616,7,4,109.52,251,5466.04,2.26,49886.78,0,0,1,
190.63,0.014666,9,8,440.02,211,2923.81,0.5,36545.66,0,0,-1,
623.77,0.013366,8,2,358.84,200,8325.48,2.02,52192.76,1,1,-1,
741.88,0.027574,6,2,255.57,93,9654.24,3.65,5235.66,1,1,1,
765.65,0.003346,3,6,444.77,352,8533.36,4.09,57012.69,1,1,-1,
498.14,0.025223,1,2,83.98,336,3206.76,9.32,36384.89,1,1,-1,
146.04,0.01007,6,6,364.55,75,7421.04,2.12,11415.69,1,1,-1,
544.75,0.04899,4,3,487.81,287,6869.69,8.87,42522.49,1,1,1,
365.21,0.030909,3,9,214.69,202,2773.09,2.33,47576.56,1,1,-1,
16.47,0.018,1,8,268.56,151,904.68,8.27,50897.06,1,1,1,
248.36,0.016023,4,4,481.8,353,7942.54,6.17,5203.57,0,0,-1,
434.36,0.016013,8,5,355.85,127,4282.17,6.5,46005.84,1,1,-1,
810.26,0.005608,9,9,332.14,35,1825.92,1.29,29244.57,0,0,1,
125.91,0.048654,1,1,272.5,119,5194.85,2.04,42783.96,0,0,1,
752.52,0.0289,6,2,162.08,171,7143.29,0.12,5621.95,0,0,-1,
739.52,0.035129,3,6,72.14,348,874.57,8.93,51478.42,1,1,-1,
723.83,0.007487,8,3,197.71,206,6513.52,1.06,23617.32,0,0,-1,
821.31,0.01217,5,1,323.36,105,8398.1,9.76,11672.1,1,1,1,
371.58,0.002202,5,5,82.68,144,2546.47,9.66,9550.56,0,0,-1,
784.99,0.013476,2,9,306.7,53,6071.56,3.49,25828.48,0,0,1,
251.76,0.042811,4,9,158.09,282,6664.1,9.18,53459.62,0,0,-1,
791.59,0.001685,4,7,369.49,168,1793.49,1.08,10137.02,0,0,1,
409.3,0.046802,1,8,159.45,66,8403.8,6.12,38807.88,1,1,-1,
854.55,0.024808,8,1,48.87,98,5393.34,7.26,12899.65,0,0,1,
359.97,0.022807,4,2,488.26,253,7869.63,1.96,49333.33,0,0,1,
527.42,0.044703,7,7,133.96,320,5041.44,6.21,58634.83,1,1,-1,
606.52,0.039068,8,8,257.48,51,5783.51,9.77,26254.69,1,1,1,
196.01,0.027796,6,4,16.27,47,9672.19,2.48,47914.03,1,1,-1,
342.82,0.023122,1,9,41.46,235,8234.48,0.79,59446.92,0,0,1,
118.9,0.045973,5,2,323.74,168,8183.53,6.36,57560.15,1,1,-1,
195.24,0.034614,5,2,277.7,177,259.57,9.39,23936.48,1,1,1,
240.66,0.029955,2,8,117.76,197,4516.09,8.06,56110.95,1,1,1,
89.56,0.037602,2,7,492.36,320,7877.06,2.01,49132.27,1,1,-1,
144.83,0.008289,3,4,183.45,257,1592.03,2.95,6198.7,1,1,1,
712.67,0.026688,7,4,403.64,328,8780.81,8.67,36760.26,1,1,-1,
234.75,0.005003,3,1,275.94,90,2015.9,1.91,41957.47,0,0,-1,
548.25,0.010066,6,7,117.75,115,4808.59,7.62,53441.5,1,1,-1,
971.69,0.003145,5,2,335.9,107,501.15,8.1,20889.63,1,1,1,
830.37,0.012952,4,2,130.27,175,2991.86,6.4,9154.46,1,1,1,
123.36,0.003996,1,8,46.66,145,6890.18,2.71,24799.19,0,0,1,
871.97,0.011419,9,3,121.26,230,4683.19,1.69,30707.6,1,1,1,
898.49,0.02803,2,4,281.53,182,8097.11,9.4,24311.28,1,1,-1,
525.14,0.043931,3,6,215.74,168,9262.42,7.36,10235.97,0,0,-1,
831.47,0.010124,1,8,303.61,208,1466.99,3.33,58683.59,0,0,1,
540.85,0.044322,7,8,128.74,251,6794.08,8.54,23946.19,1,1,-1,
661.25,0.025882,6,1,69.11,75,7107.88,5.69,44624.78,1,1,1,
719.42,0.038621,6,6,476.39,169,4285.08,1.3,25607.38,1,1,-1,
944.72,0.047806,1,5,9.22,291,3918.61,8.3,35814.04,0,0,1,
807.92,0.024244,5,6,49.61,276,8340.12,1.5,53205.21,1,1,-1,
95.48,0.022697,7,2,167.28,16,5147.97,1.38,24389.67,0,0,-1,
633.23,0.042567,9,3,227.97,265,7197.25,0.01,31573.47,1,1,-1,
387.07,0.002549,2,8,158.47,268,9152.5,9.17,41806,1,1,1,
528.69,0.047798,9,5,367.99,297,7602.16,4.57,57035.5,1,1,-1,
597.48,0.015955,9,6,12.33,137,924.38,4.25,24309.69,0,0,1,
135.88,0.044913,8,7,285.06,302,7657.88,3.63,30924.55,1,1,-1,
152.42,0.032943,2,7,359.1,193,7813.46,8.63,49326.27,0,0,-1,
54.25,0.019895,1,3,33.17,94,9053.74,6.12,29765.32,1,1,-1,
488.19,0.048253,3,8,352.6,349,6269.37,0.46,29535.44,1,1,-1,
632.77,0.035593,1,4,496.55,64,5985.91,8.85,58259.59,1,1,1,
426.16,0.044266,3,1,498.31,80,5697.96,1.43,39636.43,1,1,1,
814.85,0.035547,5,2,234.78,218,8529.87,2.62,2734.54,1,1,1,
241.75,0.006356,4,4,74.74,163,7822.74,4.96,4805.46,1,1,-1,
7.63,0.025925,6,3,50.45,217,6534.35,7.11,50982.05,0,0,-1,
194.74,0.005299,4,1,20.44,68,3986.93,4.8,9315.25,1,1,-1,
521.29,0.033324,9,6,70.03,22,5238.81,9.21,21620.38,1,1,1,
51.76,0.049617,7,8,55.35,292,723.41,9.02,16054.58,0,0,-1,
259.51,0.00447,2,7,239.62,105,5198.76,5.22,41003.54,1,1,1,
461.7,0.002496,7,2,284.64,326,393.52,9.27,9657.78,0,0,-1,
630.13,0.024983,6,7,358.82,57,70.4,1.33,16964.7,0,0,-1,
862.24,0.023796,9,8,430.99,84,923.16,0.67,18707.28,1,1,-1,
476.73,0.012945,6,1,43.7,64,9991.3,6.43,16588.77,0,0,1,
173.96,0.03365,1,7,354.81,151,9968.75,5.15,54519.48,1,1,1,
344.59,0.015472,2,3,273.66,292,3658.56,6.07,14954.31,0,0,1,
247.85,0.011606,3,2,451.45,229,5183.51,6.94,57304.84,0,0,-1,
958.94,0.041884,4,2,166.98,190,8578.37,7.3,33903.89,0,0,1,
166.53,0.017114,2,3,262.72,220,8778.19,0.15,3441.99,0,0,1,
626.02,0.006899,6,9,279.76,311,9816.12,6.93,46451.81,0,0,-1,
595.07,0.037711,8,2,461.75,124,6810.22,1.9,10033.42,0,0,-1,
246.4,0.049548,9,9,182.81,360,1708.59,3.17,51905.67,0,0,1,
99.29,0.008109,2,8,376.44,14,2030.6,5.87,53941.04,0,0,1,
764.07,0.031283,5,2,434.75,161,5258.33,6.41,20616.94,0,0,1,
237.41,0.032611,8,8,362.96,295,2189.57,4.04,40331.64,1,1,1,
547.51,0.003943,8,2,221.48,283,3154.58,8.06,46399.23,0,0,-1,
845.55,0.039861,2,3,157.29,299,7520.61,3.62,10573.5,0,0,1,
993.24,0.038988,4,9,430.24,269,4049.04,1.83,44980.14,1,1,-1,
883.2,0.039939,6,9,315.74,91,3432.63,5.85,18040.31,0,0,1,
333.43,0.036213,5,4,438.41,118,1937.37,7.48,15832.55,1,1,-1,
18.76,0.004957,6,3,367.79,252,4954.29,3.27,53243.07,0,0,1,
48.21,0.049673,5,4,265.38,335,5752.95,0.81,36234.93,1,1,-1,
153.89,0.024872,7,5,404.72,205,9168.87,5.74,56216.26,1,1,1,
438.65,0.034414,4,1,25.96,138,1719.67,2.2,50593.82,1,1,1,
502.78,0.036324,9,8,334.74,68,9248.4,5.02,10318.12,1,1,1,
890.08,0.025157,1,4,297.09,215,2012.25,2.84,54179.37,0,0,-1,
847.7,0.028404,1,7,42.39,314,2317.75,9.92,7076.04,1,1,1,
992.71,0.034273,1,3,37.35,293,799.87,0.07,4473.16,1,1,1,
366.28,0.003185,4,8,196.49,104,286.06,0.99,54381.1,1,1,1,
6.78,0.030579,2,9,301.59,211,1444.27,0.78,23284.21,1,1,1,
634.55,0.01103,9,5,343.7,242,9412.06,2.09,27130.52,0,0,1,
900.41,0.049423,3,5,388.78,36,7574.64,7.47,25785.35,1,1,-1,
973.51,0.03976,9,6,343.05,272,3303.9,3.15,2072.07,0,0,1,
862.98,0.009682,1,5,238.48,54,9984.99,2.53,43096.88,0,0,1,
742.59,0.010458,1,7,374.16,72,1330.39,4.15,18780.27,1,1,-1,
597.65,0.04497,1,1,227.65,40,2641.51,7.31,39025.03,0,0,1,
952.24,0.04674,9,8,239.07,69,8037.57,1.42,8045.16,1,1,-1,
725.15,0.008851,8,2,13.97,239,2586.83,5.7,2289.08,1,1,1,
726.85,0.020886,5,4,487.86,356,8862.94,9,12170.68,1,1,-1,
970.78,0.041976,4,3,421.38,159,9309.81,4.85,11693.63,0,0,-1,
10.13,0.02952,5,8,357.93,131,3987.31,6.54,2040.57,0,0,1,
66.7,0.049801,6,5,163.2,242,8866.18,8.81,9062.37,1,1,1,
626.93,0.048087,7,8,272.68,60,3957.91,7.41,24164.8,1,1,-1,
649.03,0.018834,9,2,186.1,208,9914.45,8.17,25150.31,1,1,1,
640.82,0.049631,1,2,275.03,151,4011.34,8.18,54492.45,1,1,1,
374.3,0.025325,4,4,362.91,214,4732.75,8.11,7115.59,1,1,-1,
695.33,0.006185,3,5,39.27,301,3491.41,2.01,58872.26,1,1,1,
511.11,0.005758,7,5,51.41,240,4222.15,1.18,43424.58,0,0,-1,
708.06,0.016976,8,1,261.63,231,3799.53,2.33,24579.87,1,1,-1,
930.58,0.017864,3,5,440.13,334,2726.1,2.85,46193.94,1,1,1,
197.14,0.04213,4,5,19.67,208,4296.87,3.25,54919.37,1,1,-1,
253.91,0.013623,7,3,486.09,132,960.11,4.98,51329.09,1,1,-1,
274.42,0.019376,7,9,55.2,14,7341.76,6.71,18368.02,0,0,1,
287.53,0.023837,4,1,161.79,356,9430.35,8.42,39485.33,1,1,1,
820.04,0.031421,2,2,388.71,54,4563.72,8.94,13480.81,0,0,-1,
370.44,0.016083,4,8,419.48,38,5353.82,6.61,26642.45,0,0,1,
671.75,0.031189,8,2,247.1,50,5228.14,0.34,23353.46,1,1,-1,
35.5,0.007725,4,9,218.71,45,3863.53,4.43,50118.45,1,1,1,
770.45,0.036142,1,9,105.01,25,2769.03,2.34,44805.93,1,1,-1,
108.87,0.023066,8,6,254.08,124,9765.2,2.16,39247.16,1,1,-1,
795.39,0.002803,6,5,407.84,203,6575.51,5.02,57798.07,1,1,1,
511.52,0.005417,3,4,497.05,332,92.27,0.45,12344.47,0,0,1,
353.88,0.008465,5,2,340.43,231,544.36,1.46,53159.34,0,0,-1,
521.68,0.035482,2,2,479.79,216,2159,8.02,37853.32,1,1,1,
282.31,0.016563,2,3,415.08,343,7677.43,3.52,53424.11,1,1,-1,
392.11,0.014472,3,2,141.13,168,3635.81,6.79,51673.53,0,0,1,
88.17,0.040159,2,2,13.27,175,7541.66,7.52,34342.78,1,1,1,
709.21,0.015023,8,5,418.2,211,3242.14,7.31,49560.35,0,0,-1,
675.74,0.001759,2,5,386.43,263,1664.89,1.9,27940.21,1,1,1,
324.04,0.005652,4,5,413.16,1,1319.06,3.87,24262.61,0,0,1,
55.57,0.049662,6,2,420.7,122,401.14,7.83,3878.49,1,1,-1,
505.61,0.004347,6,9,434.46,36,4982.42,5.34,11643.02,1,1,1,
353.86,0.048526,6,7,489.01,11,6671.1,6.45,53948.77,0,0,1,
65.55,0.045873,4,6,130.55,158,2814.88,4.85,24639.45,1,1,-1,
841.08,0.004138,1,7,317.2,78,6605.15,9.66,815.09,0,0,-1,
181.31,0.009832,5,5,7.93,331,2578.06,1.03,4078.59,1,1,1,
69.47,0.049326,4,6,275.11,359,4790.33,9.19,20745.02,1,1,-1,
41.83,0.036228,9,9,245.2,8,8568.65,5.13,534.33,1,1,-1,
478.6,0.033167,5,3,216.76,232,7390.03,6.33,56066.53,1,1,-1,
62.07,0.01366,8,4,75.83,309,8480.51,9,17258.21,1,1,-1,
306.55,0.044679,6,7,123.32,125,7780.25,6.34,39991.53,0,0,-1,
909.43,0.034764,5,4,238.55,181,6101.93,6.86,49676.21,1,1,1,
348.97,0.035218,6,4,211.17,38,1972.74,7.71,27080.41,1,1,1,
573.98,0.013749,3,4,333.82,330,7150.52,9.83,55834.43,0,0,-1,
250.53,0.007803,9,7,409.86,34,6215.08,0.23,8826.68,1,1,-1,
423.98,0.034076,5,1,137.04,64,5309.58,5.11,23523.67,1,1,-1,
315.92,0.015063,7,2,484.55,225,6716.47,4.72,29356.56,0,0,-1,
967.59,0.039768,7,1,236.37,247,1207.94,8.46,48814.04,0,0,1,
732.72,0.022438,6,7,162.75,168,979.09,4.27,51749.29,0,0,1,
806.14,0.015996,6,3,157,82,9175.83,1.05,56684.59,0,0,-1,
118.4,0.017234,9,6,119.15,63,8962.49,2.2,37004.13,0,0,1,
39.86,0.032368,4,9,24.66,300,7223.57,7.08,11979.84,0,0,1,
676.25,0.036994,6,3,38.71,4,8476.97,1.96,39785.47,1,1,-1,
7.21,0.008652,7,2,492.41,300,3940.16,1.34,861.84,1,1,1,
61.69,0.030937,3,1,250.63,303,3403.96,2.37,29539.42,1,1,-1,
862.12,0.025508,3,9,37.82,137,7717.71,7.68,774.73,0,0,-1,
237.81,0.009338,7,3,453.36,300,9534.05,5.46,496.46,0,0,-1,
451.42,0.019444,3,3,186.37,192,6911.93,4.13,13233.49,0,0,1,
902.88,0.040921,2,4,7.47,255,4816.98,7.34,5709.82,1,1,1,
266.35,0.04362,2,6,452.33,59,4154.68,9.56,4001.65,1,1,1,
29.46,0.016423,3,9,62.37,290,5848.93,3.55,16981.41,1,1,-1,
53.69,0.006058,5,7,126.14,88,2928.08,6.31,28678.56,1,1,-1,
988.61,0.037789,8,2,178.66,55,8462.09,5.63,44242.58,0,0,1,
159.24,0.027969,2,9,492.14,120,4676.3,3.19,38445.76,0,0,1,
123.1,0.0186,7,6,236.3,124,7854.57,0.28,45269.86,1,1,-1,
492.49,0.032071,6,5,100.54,88,9735.09,2.54,15203.38,0,0,-1,
977.25,0.027284,3,8,410.93,124,1305.29,2.96,42463.61,0,0,-1,
715.42,0.043867,7,5,225.08,178,1515.82,7.46,42687.54,1,1,1,
8.95,0.033395,7,3,21.66,331,6542.1,7.1,6779.38,0,0,1,
229.62,0.034965,6,9,184.98,124,6494.28,7.36,14395.45,0,0,-1,
197.43,0.004627,6,6,213.86,139,6016.37,8.21,1706.36,1,1,1,
288.23,0.025917,2,4,441.57,192,2333.88,4.08,34618.94,1,1,-1,
150.4,0.026204,8,3,58.04,94,8380.96,6.1,42886.22,1,1,1,
540.03,0.004862,1,5,56.28,157,3265.84,0.44,31604.51,0,0,1,
927.67,0.020849,2,4,321.42,164,4596.74,8.34,57237.38,1,1,-1,
956.82,0.010172,5,5,479.15,341,1906.81,4.49,39059.13,1,1,-1,
783.61,0.019674,6,6,390.06,153,9744.72,4.34,14713.45,0,0,1,
28.84,0.03847,4,2,143.03,101,1991.96,7.12,19584.54,0,0,-1,
774.6,0.005225,4,7,249.99,93,4120.25,2.08,15351,1,1,1,
206.56,0.041067,7,2,117.04,165,3822.75,3.52,12497.58,0,0,-1,
152.61,0.00962,2,3,257.23,79,5325.3,5.48,23213.86,1,1,1,
822.46,0.028667,3,9,252.8,253,1699.37,7.7,43490,0,0,-1,
80.44,0.039488,8,2,396.79,287,9568.64,4.07,9059.86,1,1,-1,
760.69,0.032492,6,1,328.93,137,8827.01,7.12,38480.74,1,1,1,
941.25,0.023251,8,2,173.36,192,7073.7,3.35,8937.29,1,1,-1,
967.3,0.049295,2,8,372.42,137,695.85,2.04,1151.21,0,0,-1,
449.52,0.023239,6,6,230.27,363,2031.64,1.97,57032.03,0,0,-1,
205.68,0.042874,9,6,452.22,90,7976.15,3.28,50497.7,1,1,1,
742.89,0.001815,8,2,372.3,48,9424.03,3.43,16276.71,1,1,1,
16.02,0.031206,9,4,371.32,357,8169.1,9.74,51782.99,1,1,1,
194.02,0.04836,2,1,423.17,101,5442.22,9.57,56257.86,0,0,1,
573.53,0.011868,3,8,25.3,154,643.58,3.46,54253.58,1,1,-1,
587.56,0.028614,4,8,84.82,214,330.12,2.83,37914.06,1,1,1,
490.25,0.046065,6,4,234.98,82,3876.38,8.96,34207.35,1,1,1,
831.9,0.035503,7,2,74.85,282,2950.54,3.94,2334.47,1,1,-1,
592.54,0.001629,1,5,114.99,239,1525.18,3.94,1510.25,1,1,-1,
7.1,0.02255,7,1,443.27,222,3525.48,2.71,53089.51,1,1,1,
483.19,0.045413,6,8,138.32,131,8919.53,8.13,31327.08,0,0,-1,
9.47,0.014601,4,6,454.89,304,27.69,9.4,51970.84,0,0,-1,
800.1,0.008229,8,2,294.21,222,9762.86,7.72,5661.38,0,0,-1,
994.04,0.046622,4,3,296.86,303,9143.74,5.92,9941.76,0,0,1,
862.77,0.045336,3,3,35.61,142,8309.91,5.88,34946.92,0,0,1,
243.54,0.031607,9,3,365.24,217,2802.53,0.7,56555.73,0,0,1,
415.85,0.004433,6,3,436.39,188,1281.46,4.69,47777.05,1,1,-1,
530.24,0.046181,4,5,142.34,27,6338.21,3.61,25911.79,1,1,-1,
552.3,0.009349,8,2,105.54,100,9555.88,4.13,47838.32,1,1,-1,
647.4,0.012808,8,9,113.93,125,2195.22,0.63,33030.62,1,1,1,
167.71,0.02251,4,7,495.34,148,4718.96,9.85,53585.04,1,1,1,
814.72,0.030064,7,2,273.26,120,4989.81,3.26,47487.4,0,0,1,
468,0.020701,8,5,60.58,35,2431.73,7.54,37073.67,1,1,-1,
322.78,0.048686,8,3,267.72,332,3010.74,1.8,39442.44,0,0,1,
691.98,0.036175,5,6,174.67,293,858.3,4.71,38937.36,1,1,-1,
183.65,0.021859,8,9,333.16,322,1938.62,8.59,36351.9,0,0,-1,
533.52,0.013647,2,6,134.1,97,7855.39,7.91,35781.33,0,0,-1,
441.42,0.009951,4,8,123.03,192,3608.05,5.21,2489.09,0,0,1,
214.61,0.00989,7,2,111.06,35,2490.79,8.47,39481.4,0,0,1,
696.43,0.038927,2,5,438.3,59,8447.27,7.9,13364.31,1,1,1,
193.78,0.047675,4,7,56.74,271,4295.37,6.01,24626.36,0,0,1,
512.68,0.04926,2,1,372.93,329,1680.77,1.32,14181.2,0,0,-1,
505.39,0.030624,9,5,152.29,167,6516.21,8.67,25281.33,0,0,-1,
570.7,0.030811,6,2,82.66,18,870.76,4.88,42546.27,1,1,-1,
966.09,0.015753,9,5,348.35,217,8335.14,6.22,56787.5,0,0,1,
913.67,0.003758,7,8,188.78,354,8041.82,2.9,54334,1,1,1,
219.08,0.008773,1,7,427.36,50,3540.9,7.43,8015.35,0,0,-1,
583.47,0.047172,1,3,94.72,341,121.81,7.79,59932.79,1,1,-1,
26.74,0.014295,6,2,290.09,173,9266.28,1.55,31438.43,1,1,1,
386.36,0.02424,8,3,353.02,56,74.25,3.74,5516.7,0,0,1,
388.84,0.043217,9,6,24.64,70,2999.86,0.88,16057.46,0,0,1,
530.5,0.030074,9,9,277.27,353,357.76,0.42,35044.54,0,0,-1,
774.98,0.026874,4,3,328.26,316,492.64,2.35,27027.84,0,0,-1,
383.81,0.024786,1,4,84.23,33,609.7,1.27,37224.5,0,0,1,
66.92,0.01883,2,6,117.06,56,7217.73,8.26,52764.33,1,1,-1,
226.86,0.042758,8,6,34.47,64,8723.2,2.02,12470.08,0,0,-1,
825.02,0.009609,4,5,58.75,72,1951.06,2.41,41256.44,0,0,1,
191.86,0.040706,3,3,451.79,340,2882.64,0.8,36984.24,1,1,-1,
850.58,0.041019,1,1,360.32,117,2456.31,1.84,50148.8,0,0,1,
455.28,0.035283,7,8,402.72,278,2230.07,6.48,7843.37,1,1,1,
906.1,0.043782,9,3,403.85,286,4204.55,2.4,42838.84,1,1,1,
953.46,0.011845,5,8,272.62,115,2235.62,1.32,59160.77,0,0,-1,
